name,city,priority_rank
ÖZEL BAHÇEŞEHİR FEN VE TEKNOLOJİ LİSESİ,İSTANBUL,1
ADANA FEN LİSESİ,ADANA,1
ATATÜRK LİSESİ,İZMİR,1
AYDIN FEN LİSESİ,AYDIN,1
OSMAN ULUBAŞ KAYSERİ FEN LİSESİ,KAYSERİ,1
NİLÜFER BORSA İSTANBUL FEN LİSESİ,BURSA,1
İSTANBUL ATATÜRK FEN LİSESİ,İSTANBUL,1
ÖZEL ASFA FEN LİSESİ,İSTANBUL,1
ANKARA PURSAKLAR FEN LİSESİ,ANKARA,1
VEHBİ DİNÇERLER FEN LİSESİ,GAZİANTEP,1
ÖZEL POLATLI AYYILDIZ ANADOLU LİSESİ,ANKARA,1
TOFAŞ FEN LİSESİ,BURSA,1
ÖZEL IĞDIR BAHÇEŞEHİR FEN LİSESİ,IĞDIR,1
SAMSUN GARİP ZEYCAN YILDIRIM FEN LİSESİ,SAMSUN,1
REKABET KURUMU CUMHURİYET FEN LİSESİ,DİYARBAKIR,1
ANKARA FEN LİSESİ,ANKARA,1
YAŞAR ACAR FEN LİSESİ,İSTANBUL,1
ÖZEL BAHÇEŞEHİR LİSESİ,İSTANBUL,1
İZMİR FEN LİSESİ,İZMİR,1
ÇAPA FEN LİSESİ,İSTANBUL,1
ÖZEL ANKARA MAYA FEN VE TEKNOLOJİ LİSESİ,ANKARA,1
KONYA- MERAM FEN LİSESİ,KONYA,1
KABATAŞ ERKEK LİSESİ,İSTANBUL,1
UŞAK FEN LİSESİ,UŞAK,1
ERBAKIR FEN LİSESİ,DENİZLİ,1
EYÜP AYGAR FEN LİSESİ,MERSİN,1
ÖZEL ENKA FEN VE TEKNOLOJİ LİSESİ,KOCAELİ,1
ÖZEL BATI ANADOLU LİSESİ,ANTALYA,1
TRABZON MERKEZ FEN LİSESİ,TRABZON,1
MALATYA ERMAN ILICAK FEN LİSESİ,MALATYA,1
ERZURUM İBRAHİM HAKKI FEN LİSESİ,ERZURUM,1
YUSUF ZİYA ÖNER FEN LİSESİ,ANTALYA,1
ÖZEL YAVUZ FEN LİSESİ,GİRESUN,1
ÖZEL İZMİR BAHÇEŞEHİR KOLEJİ ELLİNCİ YIL FEN VE TEKNOLOJİ LİSESİ,İZMİR,1
İZMİR BÜYÜKÇİĞLİ ÖZEL TÜRK KOLEJİ FEN LİSESİ,İZMİR,1
ÖZEL TAN FEN LİSESİ,BURSA,1
BUCA İNCİ-ÖZER TIRNAKLI FEN LİSESİ,İZMİR,1
ÖZEL BORNOVA FEN LİSESİ,İZMİR,1
GALATASARAY ÜNİVERSİTESİ GALATASARAY LİSESİ,İSTANBUL,1
ÖZEL BEYSUKENT ANADOLU LİSESİ,ANKARA,1
ŞEHİT TURGUT SOLAK FEN LİSESİ,BALIKESİR,1
SEYHAN BORSA İSTANBUL FEN LİSESİ,ADANA,1
ÖZEL ALTINYILDIZ FEN LİSESİ,NEVŞEHİR,1
CUMHURİYET FEN LİSESİ,ANKARA,1
KOCAELİ FEN LİSESİ,KOCAELİ,1
HÜSEYİN AVNİ SÖZEN ANADOLU LİSESİ,İSTANBUL,1
ÖZEL ADANA FİNAL FEN LİSESİ,ADANA,1
ÖZEL SANKO FEN VE TEKNOLOJİ LİSESİ,GAZİANTEP,1
SAKARYA CEVAT AYHAN FEN LİSESİ,SAKARYA,1
SÜMER FEN LİSESİ,KAYSERİ,1
ESKİŞEHİR FATİH FEN LİSESİ,ESKİŞEHİR,1
CAĞALOĞLU ANADOLU LİSESİ,İSTANBUL,1
MANİSA FEN LİSESİ,MANİSA,1
ŞANLIURFA FEN LİSESİ,ŞANLIURFA,1
ISPARTA SÜLEYMAN DEMİREL FEN LİSESİ,ISPARTA,1
HAYDARPAŞA LİSESİ,İSTANBUL,1
BURSA ANADOLU LİSESİ,BURSA,1
NİĞDE FEN LİSESİ,NİĞDE,1
KADIKÖY ANADOLU LİSESİ,İSTANBUL,1
ÖZEL TOKAT AYIŞIĞI FEN LİSESİ,TOKAT,1
ÖZEL BAFRA AÇI FEN LİSESİ,SAMSUN,1
TED BATMAN PETROL KOLEJİ ÖZEL ANADOLU LİSESİ,BATMAN,1
ÖZEL ORDU ÜNYE FİNAL AKADEMİ FEN LİSESİ,ORDU,1
ÖZEL TEMA PARK BAHÇEŞEHİR KOLEJİ FEN VE TEKNOLOJİ LİSESİ,İSTANBUL,1
EBRU NAYİM FEN LİSESİ,TEKİRDAĞ,1
ÖZEL PROFESYONEL EĞİTİM AKADEMİSİ,PEMA,1
ÖZEL AMERİKAN ROBERT LİSESİ,İSTANBUL,1
ÖZEL ATAFEN FEN LİSESİ,KOCAELİ,1
ÖZEL MERSİN ELİT KOLEJİ FEN LİSESİ,MERSİN,1
TOBB OSMANİYE FEN LİSESİ,OSMANİYE,1
ŞEHİT MÜNİR ALKAN FEN LİSESİ,İSTANBUL,1
ÖZEL ŞANLIURFA TED KOLEJİ ANADOLU LİSESİ,ŞANLIURFA,1
GİRESUN FEN LİSESİ,GİRESUN,1
ESKİŞEHİR ANADOLU LİSESİ,ESKİŞEHİR,1
İSKENDERUN TOSÇELİK FEN LİSESİ,HATAY,1
KARATAY FEN LİSESİ,KONYA,1
ÖZEL SARAÇ İLGİ OKULLARI FEN LİSESİ,ŞANLIURFA,1
ÖZEL ANKARA UĞUR ANADOLU LİSESİ,ANKARA,1
SİVAS FEN LİSESİ,SİVAS,1
KEÇİÖREN VATANSEVER ŞEHİT TÜMGENERAL AYDOĞAN AYDIN FEN LİSESİ,ANKARA,1
YÜKSEL-İLHAN ALANYALI FEN LİSESİ,İSTANBUL,1
AZİZ ATİK FEN LİSESİ,SAMSUN,1
KAHRAMANMARAŞ TOBB FEN LİSESİ,KAHRAMANMARAŞ,1
SÜLEYMAN DEMİREL FEN LİSESİ,AFYONKARAHİSAR,1
ÖZEL KAYSERİ TEKDEN FEN LİSESİ,KAYSERİ,1
ÖZEL MERAM YÖNTEM FEN LİSESİ,KONYA,2
ÖZEL ŞANLIURFA YÜKSELİŞ KOLEJİ FEN VE TEKNOLOJİ LİSESİ,ŞANLIURFA,2
AKSARAY ŞEHİT PİLOT HAMZA GÜMÜŞSOY FEN LİSESİ,AKSARAY,2
ABDULKADİR KONUKOĞLU FEN LİSESİ,GAZİANTEP,2
ÖZEL ELİTSEN KOLEJİ FEN LİSESİ,ERZURUM,2
BATMAN FEN LİSESİ,BATMAN,2
ÖZEL ZÜBEYDE HANIM FEN LİSESİ,İZMİR,2
AYDEM FEN LİSESİ,DENİZLİ,2
HÜSEYİN GİRENES FEN LİSESİ,ANTALYA,2
HALİL KALE FEN LİSESİ,MANİSA,2
ÖZEL YENİ YOL FEN LİSESİ,ESKİŞEHİR,2
ÖZEL ÇAĞDAŞ ÖNCÜ FEN LİSESİ,BURSA,2
BOLU FEN LİSESİ,BOLU,2
ÖZEL ANTALYA FİNAL FEN LİSESİ,ANTALYA,2
BAFRA FEN LİSESİ,SAMSUN,2
ÖZEL ÖLÇÜN ANADOLU LİSESİ,SAKARYA,2
ÖZEL NAMIK ALTAŞ KOLEJİ FEN LİSESİ,ORDU,2
KÜTAHYA NAFİ GÜRAL FEN LİSESİ,KÜTAHYA,2
ADIYAMAN FEN LİSESİ,ADIYAMAN,2
NAMIK KARAMANCI FEN LİSESİ,ANTALYA,2
İSTEK ÖZEL KAŞGARLI MAHMUT FEN LİSESİ,İSTANBUL,2
ADANA ANADOLU LİSESİ,ADANA,2
KAYA KARAKAYA FEN LİSESİ,ELAZIĞ,2
ÖZEL GAZİOSMANPAŞA ŞEFKAT FEN LİSESİ,İSTANBUL,2
GAZİANTEP KOLEJİ VAKFI ÖZEL FEN LİSESİ,GAZİANTEP,2
TOBB FEN LİSESİ,GAZİANTEP,2
NECİP FAZIL KISAKÜREK ANADOLU İMAM HATİP LİSESİ,KOCAELİ,2
ADAPAZARI ÖZEL ŞAHİN ANADOLU LİSESİ,SAKARYA,2
ÖZEL BALIKESİR SİMYA KOLEJİ,BALIKESİR,2
TOKAT MİLLİ PİYANGO İHYA BALAK FEN LİSESİ,TOKAT,2
ÖZEL AÇI KOLEJİ FEN LİSESİ,BURSA,2
T.V. ÖZEL ŞİŞLİ TERAKKİ FEN LİSESİ,İSTANBUL,2
PROF. DR. MEHMET GÖRMEZ ANADOLU İMAM HATİP LİSESİ,GAZİANTEP,2
KARTAL ANADOLU İMAM HATİP LİSESİ,İSTANBUL,2
ÖZEL BİLFEN ANTALYA FEN LİSESİ,ANTALYA,2
TAVŞANLI 15 TEMMUZ ŞEHİTLER FEN LİSESİ,KÜTAHYA,2
KAHRAMANMARAŞ FEN LİSESİ,KAHRAMANMARAŞ,2
SESİM SARPKAYA FEN LİSESİ,MERSİN,2
CEMİL MERİÇ FEN LİSESİ,ELAZIĞ,2
VAN TÜRK TELEKOM FEN LİSESİ,VAN,2
TED KARADENİZ EREĞLİ KOLEJİ VAKFI ÖZEL LİSESİ,ZONGULDAK,2
ÖDEMİŞ AYHAN KÖKMEN FEN LİSESİ,İZMİR,2
15 TEMMUZ ŞEHİTLER FEN LİSESİ,SAKARYA,2
İNEGÖL MEDİHA-HAYRİ ÇELİK FEN LİSESİ,BURSA,2
VEFA LİSESİ,İSTANBUL,2
ÖZEL DEĞER KOLEJİ FEN LİSESİ,GAZİANTEP,2
ÖZEL MUŞ SEÇKİN İZ FEN LİSESİ,MUŞ,2
ÖZEL VAN AÇI KOLEJİ FEN LİSESİ,VAN,2
KASTAMONU FEN LİSESİ,KASTAMONU,2
AHMET ERDEM ANADOLU LİSESİ,BURSA,2
MUAMMER DERELİ FEN LİSESİ,KOCAELİ,2
ŞEHREMİNİ ANADOLU LİSESİ,İSTANBUL,2
MACİT ZEREN FEN LİSESİ,AMASYA,2
VEHBİ KOÇ VAKFI KOÇ ÖZEL LİSESİ,İSTANBUL,2
ÖZEL MARMARA EVLERİ İHLAS FEN LİSESİ,İSTANBUL,2
PROF. DR. NABİ AVCI FEN LİSESİ,İSTANBUL,2
HASAN SABRİ ÇAVUŞOĞLU FEN LİSESİ,BARTIN,2
MALATYA FETHİ GEMUHLUOĞLU FEN LİSESİ,MALATYA,2
SİİRT TÜRK TELEKOM FEN LİSESİ,SİİRT,2
ANKARA ERMAN ILICAK FEN LİSESİ,ANKARA,2
ÖZEL DİYARBAKIR BAHÇEŞEHİR FEN VE TEKNOLOJİ LİSESİ,DİYARBAKIR,2
ÖZEL NAKKAŞTEPE BAHÇEŞEHİR KOLEJİ 50. YIL FEN VE TEKNOLOJİ LİSESİ,İSTANBUL,2
ANTALYA ANADOLU LİSESİ,ANTALYA,2
PERTEVNİYAL LİSESİ,İSTANBUL,2
ÖZEL SEVGİ FEN LİSESİ,ANKARA,2
RİZE TÜRKİYE ODALAR VE BORSALAR BİRLİĞİ FEN LİSESİ,RİZE,2
ÖZKENT AKBİLEK FEN LİSESİ,ANKARA,2
YÜCEL BORU FEN LİSESİ,KOCAELİ,2
TRABZON YOMRA FEN LİSESİ,TRABZON,2
ÖZEL SAMSUN BAHÇEŞEHİR KOLEJİ ATAKUM FEN VE TEKNOLOJİ LİSESİ,SAMSUN,2
BEYOĞLU ANADOLU İMAM HATİP LİSESİ,İSTANBUL,2
ADNAN MENDERES ANADOLU LİSESİ,İSTANBUL,2
ÖZEL ADANA FEN LİSESİ,ADANA,2
NAZİLLİ FEN LİSESİ,AYDIN,2
ÖZEL SAINT JOSEPH FRANSIZ LİSESİ,İSTANBUL,2
ÖZEL ÜSKÜDAR AMERİKAN LİSESİ,İSTANBUL,2
VALİDEBAĞ FEN LİSESİ,İSTANBUL,2
MARDİN FEN LİSESİ,MARDİN,2
ÖZEL GAZİANTEP BAL ANADOLU LİSESİ,GAZİANTEP,2
NUH MEHMET KÜÇÜKÇALIK ANADOLU LİSESİ,KAYSERİ,2
PROF DR. FUAT SEZGİN FEN LİSESİ,İSTANBUL,2
ÖZEL RÜZGAR FEN LİSESİ,DİYARBAKIR,2
ERZİNCAN FEN LİSESİ,ERZİNCAN,2
YAHYA AKEL FEN LİSESİ,MERSİN,2
ÖZEL GAZİANTEP BİLFEN FEN LİSESİ,GAZİANTEP,2
KARABÜK MEHMET VERGİLİ FEN LİSESİ,KARABÜK,3
MERZİFON FEN LİSESİ,AMASYA,3
ÖZEL ORDU BAHÇEŞEHİR KOLEJİ FEN LİSESİ,ORDU,3
ÖZEL DİLTAŞ KIRKINCI YIL ANADOLU LİSESİ,KONYA,3
TED İZMİR ÖZEL ANADOLU LİSESİ,İZMİR,3
ÖZEL ÖZLÜCE TAN FEN LİSESİ,BURSA,3
OSMAN ULUBAŞ KÖŞK ANADOLU LİSESİ,KAYSERİ,3
ÖZEL İSTEK ANTALYA LARA FEN LİSESİ,ANTALYA,3
ŞEHİT İLHAN VARANK FEN LİSESİ,İSTANBUL,3
15 TEMMUZ ŞEHİTLERİ FEN LİSESİ,ÇORUM,3
ÖZEL ANTALYA KOLEJİ MURATPAŞA FEN LİSESİ,ANTALYA,3
LÜTFİ EGE ANADOLU LİSESİ,DENİZLİ,3
ÖZEL MERSİN YENİŞEHİR İZ EĞİTİM KURUMLARI FEN LİSESİ,MERSİN,3
YAŞAR KIMIL FEN LİSESİ,DENİZLİ,3
ÖZEL ROTA FEN LİSESİ,İZMİR,3
ATATÜRK ANADOLU LİSESİ,İSTANBUL,3
ÖZEL DÜZCE UĞUR FEN LİSESİ,DÜZCE,3
KIRIKKALE FEN LİSESİ,KIRIKKALE,3
GAZİ ANADOLU LİSESİ,ANKARA,3
YASEMİN ERMAN BALSU ANADOLU LİSESİ,GAZİANTEP,3
ÖZEL GAZİPAŞA FİNAL AKADEMİ ANADOLU LİSESİ,ANTALYA,3
İSTANBUL TİCARET ODASI MARMARA ANADOLU İMAM HATİP LİSESİ,İSTANBUL,3
ÖZEL MERSİN BAHÇEŞEHİR ANADOLU LİSESİ,MERSİN,3
LÜLEBURGAZ RAMAZAN YAMAN FEN LİSESİ,KIRKLARELİ,3
ÖZEL KANGURU FEN LİSESİ,MALATYA,3
ÖZEL EDİRNE BAHÇEŞEHİR FEN VE TEKNOLOJİ LİSESİ,EDİRNE,3
AKÇAABAT FEN LİSESİ,TRABZON,3
ÖZEL GAZİANTEP KÜLTÜR FEN LİSESİ,GAZİANTEP,3
ÖZEL KARDELEN FEN LİSESİ,NEVŞEHİR,3
ÖZEL ÇORUM BİLGİ ANADOLU LİSESİ,ÇORUM,3
PROF. DR. NECMETTİN ERBAKAN FEN LİSESİ,İSTANBUL,3
ÖZEL UZMANLAR FEN LİSESİ,YALOVA,3
ÖZEL EMİNE ÖRNEK FEN LİSESİ,BURSA,3
ÖZEL BALIKESİR AÇI FEN LİSESİ,BALIKESİR,3
ÖZEL SAMSUN FİNAL FEN LİSESİ,SAMSUN,3
ŞEHİT MUHAMMET MUSTAFA KARABÖRK FEN LİSESİ,OSMANİYE,3
ÖZEL OYA AKIN YILDIZLAR FEN LİSESİ,ANKARA,3
ÖZEL SİMYA FEN LİSESİ,GAZİANTEP,3
ÖZEL ERYAMAN SEVGİ FEN LİSESİ,ANKARA,3
ÖZEL ANKARA ABC FEN LİSESİ,ANKARA,3
ÖZEL ÇAYYOLU DOĞA FEN VE TEKNOLOJİ LİSESİ,ANKARA,3
İSTEK ÖZEL KEMAL ATATÜRK FEN LİSESİ,İSTANBUL,3
MANİSA TOBB BÜLENT KOŞMAZ FEN LİSESİ,MANİSA,3
ÖZEL ISPARTA BAHÇEŞEHİR ANADOLU LİSESİ,ISPARTA,3
ÖZEL İSTEK GAZİANTEP FEN LİSESİ,GAZİANTEP,3
ZONGULDAK FEN LİSESİ,ZONGULDAK,3
ÖZEL ELAZIĞ FİNAL FEN LİSESİ,ELAZIĞ,3
ÖZEL DOĞRU REFERANS ANADOLU LİSESİ,DENİZLİ,3
ÖZEL ANKARA ÇÖZÜM KOLEJİ FEN LİSESİ,ANKARA,3
ÖZEL ANKARA ZAFER FEN LİSESİ,ANKARA,3
ÖZEL ANTALYA DOĞA FEN LİSESİ,ANTALYA,3
HAYME ANA KIZ ANADOLU İMAM HATİP LİSESİ,ANTALYA,3
ÖZEL RASİM ŞAHİNKAYA FEN LİSESİ,BURSA,3
ÖZEL BAHÇEŞEHİR KOLEJİ KUZEY KAMPÜSÜ FEN LİSESİ,İZMİR,3
ORDU FEN LİSESİ,ORDU,3
ÖZEL YAŞAM TASARIM FEN LİSESİ,ANTALYA,3
ÖZEL DİLTAŞ ANADOLU LİSESİ,KONYA,3
SERVETİYE CEPHESİ ANADOLU LİSESİ,KOCAELİ,3
ÖZEL GAZİANTEP EMEK BİREY FEN LİSESİ,GAZİANTEP,3
BOR ŞEHİT RAMAZAN KONUŞ FEN LİSESİ,NİĞDE,3
ÖZEL ORDU FİNAL FEN LİSESİ,ORDU,3
ÖZEL ENKA MESLEKİ VE TEKNİK ANADOLU LİSESİ,KOCAELİ,3
ÖZEL BUCAK KOLEJİ FEN LİSESİ,BURDUR,3
PROF.DR.İLHAN KILIÇÖZLÜ FEN LİSESİ,KIRŞEHİR,3
ÖZEL DÜŞÜNÜR KOLEJİ FEN LİSESİ,VAN,3
M.EMİN SARAÇ ANADOLU İMAM HATİP LİSESİ,İSTANBUL,3
ÖZEL BOZOVA BÜYÜK DEĞİŞİM ANADOLU LİSESİ,ŞANLIURFA,3
ÖZEL KARABÜK BAHÇEŞEHİR KOLEJİ FEN LİSESİ,KARABÜK,3
DÖRTYOL FEN LİSESİ,HATAY,3
GÖNÜLLÜ HİZMET VAKFI MUSTAFA SAFFET FEN LİSESİ,İSTANBUL,3
SELÇUKLU FEN LİSESİ,KONYA,3
BAŞKENT ÜNİVERSİTESİ ÖZEL BAŞKENT FEN LİSESİ,ADANA,3
HATAY FEN LİSESİ,HATAY,3
ÖZEL YÜKSELEN KOLEJİ FEN LİSESİ,ANKARA,3
BORNOVA ANADOLU LİSESİ,İZMİR,3
ÖZEL ÇAĞDAŞ FEN LİSESİ,ESKİŞEHİR,3
TOBB FEN LİSESİ,ŞANLIURFA,3
ÖZEL AFYONKARAHİSAR BAHÇEŞEHİR UĞUR ANADOLU LİSESİ,AFYONKARAHİSAR,3
KÖY HİZMETLERİ ANADOLU LİSESİ,İSTANBUL,3
ÖZEL KARİYER KOLEJİ FEN LİSESİ,ANKARA,3
ULUSLARARASI ASHABI KEHF ANADOLU İMAM HATİP LİSESİ,MERSİN,3
KADIKÖY ANADOLU İMAM HATİP LİSESİ,İSTANBUL,3
ÖZEL ÜNYE BAHÇEŞEHİR FEN LİSESİ,ORDU,3
KOZAN FEN LİSESİ,ADANA,3
REKABET KURUMU ANADOLU LİSESİ,DİYARBAKIR,4
TÜRK EĞİTİM VAKFI ÖZEL İNANÇ TÜRKEŞ ANADOLU LİSESİ,KOCAELİ,4
EDİRNE SÜLEYMAN DEMİREL FEN LİSESİ,EDİRNE,4
DOĞAN CÜCELOĞLU FEN LİSESİ,İSTANBUL,4
HAKKI DEMİR ANADOLU İMAM HATİP LİSESİ,İSTANBUL,4
TÜRKİYE ODALAR VE BORSALAR BİRLİĞİ FEN LİSESİ,KARAMAN,4
MİDYAT FEN LİSESİ,MARDİN,4
ÖZEL GAZİANTEP DOĞA FEN LİSESİ,GAZİANTEP,4
TED DİYARBAKIR KOLEJİ ÖZEL ANADOLU LİSESİ,DİYARBAKIR,4
ÖZEL YÜKSELEN FEN LİSESİ,ANKARA,4
ŞEHZADELER GEDİZ ANADOLU LİSESİ,MANİSA,4
BUCAK ADEM TOLUNAY FEN LİSESİ,BURDUR,4
ÖZEL ŞEHİTKAMİL UYGAR FEN LİSESİ,GAZİANTEP,4
REFİK ARSLAN ÖZTÜRK FEN LİSESİ,BİLECİK,4
75.YIL FEN LİSESİ,MERSİN,4
ÖZEL BENİM FEN LİSESİ,GAZİANTEP,4
VALİ AYDIN ARSLAN FEN LİSESİ,DİYARBAKIR,4
AĞRI HÜSEYİN CELAL YARDIMCI FEN LİSESİ,AĞRI,4
ALANYA ANADOLU İMAM HATİP LİSESİ,ANTALYA,4
ÖZEL KİPAŞ FEN LİSESİ,KAHRAMANMARAŞ,4
GÖLCÜK FEN LİSESİ,KOCAELİ,4
FATMA ALİYE FEN LİSESİ,BATMAN,4
MERAM ANADOLU LİSESİ,KONYA,4
ÖZEL GAYE FEN LİSESİ,MERSİN,4
TED ANTALYA KOLEJİ ÖZEL LİSESİ,ANTALYA,4
ÖZEL İBRAHİMARI ANADOLU LİSESİ,GAZİANTEP,4
ŞEHİT MEHMET ŞENGÜL FEN LİSESİ,ESKİŞEHİR,4
ÖZEL ÇAĞLAYAN ERKEK FEN LİSESİ,ANKARA,4
ÖZEL BORNOVA FİNAL FEN LİSESİ,İZMİR,4
YEŞİLKÖY ANADOLU LİSESİ,İSTANBUL,4
ÖZEL AKSARAY VİZYON AKADEMİ FEN LİSESİ,AKSARAY,4
TED ÖZEL EGE ANADOLU LİSESİ,AYDIN,4
ANKARA ATATÜRK LİSESİ,ANKARA,4
ÖZEL ELAZIĞ YÖNTEMİM FEN LİSESİ,ELAZIĞ,4
ÖZEL DEVA FEN VE TEKNOLOJİ LİSESİ,GAZİANTEP,4
ÖZEL ARI ANADOLU LİSESİ,ANKARA,4
ÖZEL KONYA NESİBE AYDIN FEN LİSESİ,KONYA,4
ÖZEL NESİBE AYDIN YILDIZLAR FEN LİSESİ,ANKARA,4
ÖZEL ÖZEN ANADOLU LİSESİ,MERSİN,4
ŞEHİT ÖZCAN KAN FEN LİSESİ,KOCAELİ,4
SELÇUKLU ANADOLU LİSESİ,KONYA,4
MEHMET EMİN RESULZADE ANADOLU LİSESİ,ANKARA,4
ÖZEL BİLFEN KAYSERİ FEN LİSESİ,KAYSERİ,4
PROF. DR. ABDULKADİR KARAHAN FEN LİSESİ,ŞANLIURFA,4
AKŞEHİR HACI SIDDIKA BAYSAL FEN LİSESİ,KONYA,4
ŞEHİT OĞUZHAN YAŞAR ANADOLU LİSESİ,ANKARA,4
ÖZEL NESİBE AYDIN FEN LİSESİ,ANKARA,4
ÖZEL ŞANLIURFA SİMYA FEN LİSESİ,ŞANLIURFA,4
ÖZEL YENİ ORTADOĞU FEN LİSESİ,DİYARBAKIR,4
ÖZEL AFYON İSTEK FEN LİSESİ,AFYONKARAHİSAR,4
NEVŞEHİR FEVZİ DİRİKOÇ FEN LİSESİ,NEVŞEHİR,4
CEDİDE ABALIOĞLU ANADOLU İMAM HATİP LİSESİ,DENİZLİ,4
FMV ÖZEL AYAZAĞA IŞIK FEN LİSESİ,İSTANBUL,4
TED ÖZEL ADANA KOLEJİ ANADOLU LİSESİ,ADANA,4
DR.BİNNAZ EGE-DR.RIDVAN EGE ANADOLU LİSESİ,ANKARA,4
İTÜ GELİŞTİRME VAKFI ÖZEL EKREM ELGİNKAN LİSESİ,İSTANBUL,4
ŞEHİT MUSTAFA SERİN FEN LİSESİ,BALIKESİR,4
ÖZEL KUMLUCA SINAV FEN LİSESİ,ANTALYA,4
ÇORLU BORSA İSTANBUL FEN LİSESİ,TEKİRDAĞ,4
ÖZEL BOĞAZİÇİ ANADOLU LİSESİ,ISPARTA,4
ÖZEL OSMANİYE BAHÇEŞEHİR KOLEJİ FEN LİSESİ,OSMANİYE,4
ÖZEL BAŞARAN ANADOLU LİSESİ,KIRIKKALE,4
ÖZEL ENVAR FEN LİSESİ,ANTALYA,4
NUSAYBİN ANADOLU LİSESİ,MARDİN,4
ÖZEL SANKO KOLEJİ,GAZİANTEP,4
HASAN AYBABA ANADOLU LİSESİ,OSMANİYE,4
ÖZEL BİLFEN İSKENDERUN FEN LİSESİ,HATAY,4
MEHMET TEKİNALP ANADOLU LİSESİ,İSTANBUL,4
ÖZEL EVRENSEL FEN LİSESİ,ANKARA,4
KİLİS MEHMET ZELZELE FEN LİSESİ,KİLİS,4
ÖZEL ATAYURT FEN LİSESİ,ESKİŞEHİR,4
ÇEAS ANADOLU LİSESİ,ADANA,4
YOZGAT ŞEHİTLER FEN LİSESİ,YOZGAT,4
MAHMUT CELALEDDİN ÖKTEN ANADOLU İMAM HATİP LİSESİ,TRABZON,4
TERAKKİ VAKFI ÖZEL ŞİŞLİ TERAKKİ TEPEÖREN ANADOLU LİSESİ,İSTANBUL,4
MEVLÜDE-AHMET DOĞANAY FEN LİSESİ,YOZGAT,4
ÖZEL DALAMAN BAHÇEŞEHİR FEN LİSESİ,MUĞLA,4
YUSUF KEMALETTİN PERİN FEN LİSESİ,İZMİR,4
İBRAHİM-SÜHEYLA İZMİRLİ FEN LİSESİ,ZONGULDAK,4
ÖZEL KARS BAHÇEŞEHİR KOLEJİ FEN LİSESİ,KARS,4
TED ISPARTA KOLEJİ ÖZEL LİSESİ,ISPARTA,4
NİLÜFER ANADOLU İMAM HATİP LİSESİ,BURSA,4
ÖZEL FORM KAMPÜS FEN LİSESİ,KONYA,4
İSTEK ÖZEL ACIBADEM FEN LİSESİ,İSTANBUL,4
DÜZCE FEN LİSESİ,DÜZCE,4
ÖZEL KÜLTÜR 2000 FEN LİSESİ,İSTANBUL,5
MUŞ FEN LİSESİ,MUŞ,5
ÖZEL ÇANKAYA BAHÇEŞEHİR KOLEJİ 50.YIL ANADOLU LİSESİ,ANKARA,5
ÖZEL ÇANKAYA BAHÇEŞEHİR KOLEJİ 50.YIL FEN VE TEKNOLOJİ LİSESİ,ANKARA,5
FETULLAH BAYIR FEN LİSESİ,KONYA,5
ÖZEL İSTEK ANTALYA KONYAALTI FEN LİSESİ,ANTALYA,5
ÖZEL TEST TEKNİK ÇAĞI FEN LİSESİ,ADIYAMAN,5
ANTALYA TÜRKİYE ODALAR VE BORSALAR BİRLİĞİ FEN LİSESİ,ANTALYA,5
FATMA MEHMET CADIL FEN LİSESİ,ANTALYA,5
ÖZEL MANİSA BAHÇEŞEHİR KOLEJİ FEN LSESİ,MANİSA,5
ŞEHİT ERHAN DURAL KIZ ANADOLU İMAM HATİP LİSESİ,RİZE,5
ÇAN FEN LİSESİ,ÇANAKKALE,5
SOMA BORSA İSTANBUL FEN LİSESİ,MANİSA,5
SELİM NEVZAT ŞAHİN ANADOLU LİSESİ,HATAY,5
ÖZEL İNCİRLİOVA BAHÇEŞEHİR ANADOLU LİSESİ,AYDIN,5
DARICA FEN LİSESİ,KOCAELİ,5
PROF. DR. NECMEDDİN ERBAKAN FEN LİSESİ,ERZURUM,5
ADAPAZARI ÖZEL ENKA ANADOLU LİSESİ,SAKARYA,5
SABAHAT-CEMİL ULUPINAR FEN LİSESİ,ZONGULDAK,5
SEVAL-AHMET ÇETİN FEN LİSESİ,TEKİRDAĞ,5
İPEKYOLU BORSA İSTANBUL FEN LİSESİ,VAN,5
ÖZEL KONYA ESENTEPE FEN LİSESİ,KONYA,5
ÖZEL KOCAELİ NESİBE AYDIN FEN LİSESİ,KOCAELİ,5
MAHMUT SAMİ RAMAZANOĞLU ANADOLU İMAM HATİP LİSESİ,KONYA,5
CAHİT ELGİNKAN ANADOLU LİSESİ,KOCAELİ,5
ÖZEL MURADİYE ERKEK FEN LİSESİ,ANKARA,5
ÖZEL BATMAN FİNAL FEN LİSESİ,BATMAN,5
ÖZEL KAYSERİ FİNAL FEN LİSESİ,KAYSERİ,5
TÜRKİYE BÜYÜK MİLLET MECLİSİ VAKFI BİNGÖL FEN LİSESİ,BİNGÖL,5
SUAT TERİMER ANADOLU LİSESİ,İSTANBUL,5
BAHÇELİEVLER ANADOLU LİSESİ,İSTANBUL,5
ÇUKUROVA ELEKTRİK ANADOLU LİSESİ,KAHRAMANMARAŞ,5
ÖZEL ESKİŞEHİR BAHÇEŞEHİR FEN VE TEKNOLOJİ LİSESİ,ESKİŞEHİR,5
MENTEŞE TÜRKİYE ODALAR VE BORSALAR BİRLİĞİ FEN LİSESİ,MUĞLA,5
MİLLİ İRADE KIZ ANADOLU İMAM HATİP LİSESİ,ŞANLIURFA,5
MEV KOLEJİ ÖZEL ANKARA FEN LİSESİ,ANKARA,5
İZMİR KIZ LİSESİ,İZMİR,5
MEV KOLEJİ ÖZEL GÜZELBAHÇE FEN LİSESİ,İZMİR,5
ÖZEL MUDANYA YOLU FARKLI KALİTE MODERN FEN LİSESİ,BURSA,5
ÖZEL BİLİM KAMPÜS ANADOLU LİSESİ,DENİZLİ,5
MUSTAFA BÜYÜKKAPLAN ANADOLU İMAM HATİP LİSESİ,KONYA,5
ÖZEL ORTACA UĞUR ANADOLU LİSESİ,MUĞLA,5
ÇANAKKALE FEN LİSESİ,ÇANAKKALE,5
İSTANBUL ERKEK LİSESİ,İSTANBUL,5
TİRE BELGİN ATİLA ÇALLIOĞLU FEN LİSESİ,İZMİR,5
ÖZEL BÜYÜK FEN LİSESİ,ANKARA,5
ZİLE FEN LİSESİ,TOKAT,5
KARACABEY ULVİYE MATLI FEN LİSESİ,BURSA,5
ÖZEL ARI FEN LİSESİ,ANKARA,5
ÇİĞLİ FEN LİSESİ,İZMİR,5
ÖZEL KADİRLİ ÇUKUROVA ARTI KOEJİ FEN LİSESİ,OSMANİYE,5
ÖZEL İSTEM KOLEJİ FEN LİSESİ,KAYSERİ,5
ÖZEL BİLFEN ÇAYYOLU FEN LİSESİ,ANKARA,5
ÖZEL GEBZE BAHÇEŞEHİR FEN VE TEKNOLOJİ LİSESİ,KOCAELİ,5
KADİR HAS ANADOLU LİSESİ,İSTANBUL,5
ATATÜRK ANADOLU LİSESİ,ANKARA,5
ADANA TİCARET ODASI ANADOLU LİSESİ,ADANA,5
ÖZEL ERDEM FEN LİSESİ,GAZİANTEP,5
YAHYA TURAN FEN LİSESİ,HATAY,5
GÜZELBAHÇE 60.YIL ANADOLU LİSESİ,İZMİR,5
GÜLVEREN ANADOLU LİSESİ,ANTALYA,5
FATİH SULTAN MEHMET ULUSLARARASI ANADOLU İMAM HATİP LİSESİ,İSTANBUL,5
BÜYÜKŞEHİR HÜSEYİN YILDIZ ANADOLU LİSESİ,İSTANBUL,5
MACİDE-RAMİZ TAŞKINLAR FEN LİSESİ,MANİSA,5
VECİHİ HÜRKUŞ ANADOLU LİSESİ,ANKARA,5
NİKSAR PROF. DR. MUSTAFA EROL TURAÇLI FEN LİSESİ,TOKAT,5
ÖZEL AKDENİZ YÜKSELİŞ FEN LİSESİ,ANTALYA,5
ÖZEL GAZİEMİR UĞUR FEN LİSESİ,İZMİR,5
ERCAN AKIN FEN LİSESİ,BURDUR,5
ÖZEL EGE LİSESİ,İZMİR,5
HAYDAR ALİYEV FEN LİSESİ,IĞDIR,5
NİZİP FEN LİSESİ,GAZİANTEP,5
GÖLBAŞI FEN LİSESİ,ADIYAMAN,5
NECMETTİN ERBAKAN FEN LİSESİ,SAKARYA,5
YALOVA-TERMAL FEN LİSESİ,YALOVA,5
ORTAKLAR FEN LİSESİ,AYDIN,5
BELEDİYE FEN LİSESİ,MUĞLA,5
SALİHLİ SEKİNE EVREN ANADOLU LİSESİ,MANİSA,5
TED HATAY KOLEJİ ÖZEL ANADOLU LİSESİ,HATAY,5
ÖZEL BOĞAZİÇİ ŞEHİR FEN LİSESİ,KÜTAHYA,5
FAHREDDİN KERİM GÖKAY ANADOLU LİSESİ,İSTANBUL,5
GÜLTEN-ALİ ZİYAN ANADOLU LİSESİ,OSMANİYE,5
ÖZEL OSMANİYE İSTEK FEN LİSESİ,OSMANİYE,5
ÖZEL SİMYA FEN LİSESİ,HATAY,5
ÖZEL EREĞLİ SİMYA FEN LİSESİ,KONYA,6
BÜYÜKÇEKMECE ATATÜRK ANADOLU LİSESİ,İSTANBUL,6
ESENYURT NAKİPOĞLU CUMHURİYET ANADOLU LİSESİ,İSTANBUL,6
AHMET HAMDİ GÖKBAYRAK FEN LİSESİ,BURSA,6
İSTEK ÖZEL ATANUR OĞUZ FEN LİSESİ,İSTANBUL,6
ÖZEL FİNAL FEN LİSESİ,DENİZLİ,6
ÖZEL İZMİR AMERİKAN KOLEJİ,İZMİR,6
ÖZEL SULAR FEN LİSESİ,ADANA,6
ŞEHİT OSMAN ARSLAN KIZ ANADOLU İMAM HATİP LİSESİ,ÇORUM,6
ALTINŞEHİR ANADOLU LİSESİ,ADIYAMAN,6
İSTEK ÖZEL BİLGE KAĞAN FEN LİSESİ,İSTANBUL,6
ÖZEL ÇAKABEY LİSESİ,İZMİR,6
AYFER-CEYLAN EMET FEN LİSESİ,AFYONKARAHİSAR,6
ATATÜRK ÜNİVERSİTESİ SÜHEYLA SITKI ALP ÖZEL FEN LİSESİ,ERZURUM,6
ÖZEL ESKİŞEHİR BAŞARI ANADOLU LİSESİ,ESKİŞEHİR,6
ÖZEL ANTALYA LARA BAHÇEŞEHİR ANADOLU LİSESİ,ANTALYA,6
TARSUS ŞEHİT HALİL ÖZDEMİR FEN LİSESİ,MERSİN,6
ŞÜKRÜ ŞANKAYA ANADOLU LİSESİ,BURSA,6
ADEM-TOLUNAY ANADOLU LİSESİ,ANTALYA,6
ÖZEL BİLNET FEN LİSESİ,BALIKESİR,6
ÖZEL ÇAĞLAYAN KIZ FEN LİSESİ,ANKARA,6
ÖZEL DÜNYA KOLEJİ FEN LİSESİ,İZMİR,6
ERTUĞRUL GAZİ ANADOLU İMAM HATİP LİSESİ,UŞAK,6
AKSU FEN LİSESİ,ANTALYA,6
BORSA İSTANBUL ZEYTİNBURNU ANADOLU LİSESİ,İSTANBUL,6
ATATÜRK LİSESİ,ESKİŞEHİR,6
ÖZEL BAŞAKŞEHİR FİNAL FEN LİSESİ,İSTANBUL,6
ÖZEL GAZİANTEP BAHÇEŞEHİR KOLEJİ FEN TEKNOLOJİ LİSESİ,GAZİANTEP,6
ÖZEL BİLFEN FEN LİSESİ,İZMİR,6
ECZACI BAHATTİN-SEVİNÇ ERDİNÇ FEN LİSESİ,ADANA,6
TEVFİK İLERİ ANADOLU İMAM HATİP LİSESİ,ANKARA,6
ÖZEL JALE TEZER FEN LİSESİ,ANKARA,6
SELÇUK ANADOLU LİSESİ,SİVAS,6
ÖZEL GAZİEMİR UĞUR ANADOLU LİSESİ,İZMİR,6
ÖZEL ÜÇ MART HALİL GÜLEÇ FEN LİSESİ,BURSA,6
ŞEHİT İBRAHİM ARMUT FEN LİSESİ,MERSİN,6
ÖZEL BEŞGEN ANADOLU LİSESİ,ANKARA,6
HAVVA-SEDAT AVCIOĞLU FEN LİSESİ,ANTALYA,6
BORSA İSTANBUL FEN LİSESİ,DİYARBAKIR,6
ELBİSTAN BORSA İSTANBUL FEN LİSESİ,KAHRAMANMARAŞ,6
ÖZEL MUSTAFA KEMAL FİNAL ANADOLU LİSESİ,ANKARA,6
ÖZEL EVRE FEN LİSESİ,MERSİN,6
BAŞKENT ÜNİVERSİTESİ ÖZEL AYŞEABLA FEN LİSESİ,ANKARA,6
GAZİANTEP ANADOLU LİSESİ,GAZİANTEP,6
BEŞİKTAŞ SAKIP SABANCI ANADOLU LİSESİ,İSTANBUL,6
SAMİ YANGIN ANADOLU LİSESİ,KAYSERİ,6
GÖNEN FEN LİSESİ,ISPARTA,6
RECEP TAYYİP ERDOĞAN ANADOLU İMAM HATİP LİSESİ,NEVŞEHİR,6
NİŞANTAŞI NURİ AKIN ANADOLU LİSESİ,İSTANBUL,6
ALPARSLAN GAZİ ANADOLU LİSESİ,KARABÜK,6
MERSİN TİCARET VE SANAYİ ODASI ANADOLU LİSESİ,MERSİN,6
TED ESKİŞEHİR KOLEJİ ÖZEL ANADOLU LİSESİ,ESKİŞEHİR,6
İZZET BAYSAL ANADOLU LİSESİ,BOLU,6
ÖZEL BİLFEN ÜSKÜDAR FEN LİSESİ,İSTANBUL,6
TED KAYSERİ KOLEJİ VAKFI ÖZEL LİSESİ,KAYSERİ,6
ATATÜRK ANADOLU LİSESİ,NİĞDE,6
MUT OSMAN NURİ YALMAN ANADOLU LİSESİ,MERSİN,6
ARNAVUTKÖY KORKMAZ YİĞİT ANADOLU LİSESİ,İSTANBUL,6
KIRŞEHİR AHİ EVRAN ANADOLU LİSESİ,KIRŞEHİR,6
ÖZEL MEFKURE FEN LİSESİ,SAKARYA,6
ÖZEL NAKKAŞTEPE BAHÇEŞEHİR KOLEJİ 50. YIL ANADOLU LİSESİ,İSTANBUL,6
BURSA ERKEK LİSESİ,BURSA,6
ÖZEL NUN ANADOLU LİSESİ,İSTANBUL,6
ÖZEL YALOVA UĞUR FEN LİSESİ,YALOVA,6
VAKFIKEBİR FEN LİSESİ,TRABZON,6
ARAŞTIRMA GELİŞTİRME EĞİTİM VE UYGULAMA MERKEZİ LİSESİ,İSTANBUL,6
TEV ORHAN ÇETİN FEN LİSESİ,EDİRNE,6
PAZARCIK FEN LİSESİ,KAHRAMANMARAŞ,6
MEHMET KOLOĞLU ANADOLU LİSESİ,ELAZIĞ,6
15 TEMMUZ ŞEHİTLER FEN LİSESİ,KOCAELİ,6
ÇANKIRI TÜRKİYE ODALAR VE BORSALAR BİRLİĞİ FEN LİSESİ,ÇANKIRI,6
ÖZEL FİNAL AKADEMİ FEN LİSESİ,DİYARBAKIR,6
HABİRE YAHŞİ ANADOLU LİSESİ,İSTANBUL,6
İÇEL ANADOLU LİSESİ,MERSİN,6
TED KARABÜK KOLEJİ VAKFI ÖZEL ANADOLU LİSESİ,KARABÜK,6
FLORYA TEVFİK ERCAN ANADOLU LİSESİ,İSTANBUL,6
ŞANLIURFA ANADOLU LİSESİ,ŞANLIURFA,6
CİZRE FEN LİSESİ,ŞIRNAK,6
KARŞIYAKA CİHAT KORA ANADOLU LİSESİ,İZMİR,6
KAYSERİ FEN LİSESİ,KAYSERİ,6
EREĞLİ FEN LİSESİ,KONYA,6
ÖZEL MERSİN EVRENSEL KÜLTÜR ANADOLU LİSESİ,MERSİN,6
TÜRKİYE ODALAR VE BORSALAR BİRLİĞİ KIZ ANADOLU İMAM HATİP LİSESİ,ADIYAMAN,6
ÇARŞAMBA FEN LİSESİ,SAMSUN,6
ÖZEL MERSİN BİREY AKADEMİ ANADOLU LİSESİ,MERSİN,6
BOZÜYÜK FEN LİSESİ,BİLECİK,7
ÖZEL TAKEV FEN LİSESİ,İZMİR,7
EYÜPSULTAN ANADOLU LİSESİ,İSTANBUL,7
BEHİYE DR.NEVHİZ IŞIL ANADOLU LİSESİ,İSTANBUL,7
ÖZEL DİYARBAKIR HÜRRİYET FEN LİSESİ,DİYARBAKIR,7
ÖZEL BURÇAK EYÜBOĞLU FEN VE TEKNOLOJİ LİSESİ,İSTANBUL,7
MERKEZ BANKASI DERİNCE ANADOLU LİSESİ,KOCAELİ,7
MALTEPE FEN LİSESİ,İSTANBUL,7
ŞEHİT ÖMER HALİSDEMİR ANADOLU İMAM HATİP LİSESİ,ANKARA,7
ŞEHİT ABDULKADİR KILAVUZ ANADOLU LİSESİ,UŞAK,7
ERGANİ FEN LİSESİ,DİYARBAKIR,7
ATAKENT ANADOLU LİSESİ,İSTANBUL,7
ÖZEL ÇORUM ADA ANADOLU LİSESİ,ÇORUM,7
ÖZEL JALE TEZER BİLİM FEN LİSESİ,ANKARA,7
ÖZEL KEÇİÖREN FİNAL AKADEMİ ANADOLU LİSESİ,ANKARA,7
ADNAN MENDERES ANADOLU İMAM HATİP LİSESİ,AYDIN,7
ÖZEL İLKE BİREY FEN LİSESİ,TRABZON,7
AHMET KABAKLI FEN LİSESİ,ELAZIĞ,7
FATSA FEN LİSESİ,ORDU,7
ÖZEL DARUŞŞAFAKA LİSESİ,İSTANBUL,7
ÖZEL VAN MEKTEBİM FEN LİSESİ,VAN,7
SİVAS LİSESİ,SİVAS,7
GÖZTEPE İHSAN KURŞUNOĞLU ANADOLU LİSESİ,İSTANBUL,7
TES-İŞ ANADOLU LİSESİ,ŞANLIURFA,7
İSTİKLAL MAKZUME ANADOLU LİSESİ,HATAY,7
BATMAN ANADOLU LİSESİ,BATMAN,7
ÖZEL MOD ERYAMAN FEN LİSESİ,ANKARA,7
İSTEK ÖZEL ULUĞBEY FEN LİSESİ,İSTANBUL,7
ABDÜLHAMİD HAN FEN LİSESİ,AKSARAY,7
ÖZEL YENİ İZLER FEN LİSESİ,ŞANLIURFA,7
GÖLHİSAR FEN LİSESİ,BURDUR,7
ASIMIN NESLİ ANADOLU İMAM HATİP LİSESİ,AYDIN,7
ENERJİSA BANDIRMA FEN LİSESİ,BALIKESİR,7
SAMİHA AYVERDİ ANADOLU LİSESİ,İSTANBUL,7
TED ÖZEL ATAKENT ANADOLU LİSESİ,İSTANBUL,7
GELİBOLU FEN LİSESİ,ÇANAKKALE,7
YUNUS EMRE ANADOLU LİSESİ,İZMİR,7
ÖZEL ANKARA FİNAL ANADOLU LİSESİ,ANKARA,7
FATİH ANADOLU LİSESİ,MANİSA,7
ÖZEL MERSİN UĞUR FEN LİSESİ,MERSİN,7
YALVAÇ FEN LİSESİ,ISPARTA,7
ÖZEL İDEAL EĞİTİM ANADOLU LİSESİ,KAYSERİ,7
ŞEHİT HÜSEYİN KAVAKLI FEN LİSESİ,AMASYA,7
İRFAN ATASEVEN ANADOLU LİSESİ,KARAMAN,7
ÖZEL VAN NAZMİ ARIKAN FEN BİLİMLERİ FEN LİSESİ,VAN,7
KADIKÖY AHMET SANİ GEZİCİ KIZ ANADOLU İMAM HATİP LİSESİ,İSTANBUL,7
BURSA İPEKÇİLİK ANADOLU İMAM HATİP LİSESİ,BURSA,7
ÖZEL TARSUS AMERİKAN KOLEJİ,MERSİN,7
ÖZEL KÜLTÜR ANADOLU LİSESİ,MERSİN,7
SINAV KOLEJİ ÖZEL ANKARA FEN LİSESİ,ANKARA,7
ATAKUM ANADOLU İMAM HATİP LİSESİ,SAMSUN,7
KERNEK ANADOLU LİSESİ,MALATYA,7
ŞEHİT MURAT AKDEMİR ANADOLU İMAM HATİP LİSESİ,KARABÜK,7
SİMAV FEN LİSESİ,KÜTAHYA,7
PENDİK FATİH ANADOLU LİSESİ,İSTANBUL,7
ÖZEL ETİMESGUT FİNAL AKADEMİ ANADOLU LİSESİ,ANKARA,7
İTO İBRAHİM ÇAĞLAR ANADOLU İMAM HATİP LİSESİ,İSTANBUL,7
HASAN POLATKAN ANADOLU LİSESİ,İSTANBUL,7
TUŞBA TÜRKİYE ODALAR VE BORSALAR BİRLİĞİ FEN LİSESİ,VAN,7
ÇEAŞ ŞANLIURFA ANADOLU LİSESİ,ŞANLIURFA,7
ŞEHİT SELÇUK GÜRDAL ANADOLU LİSESİ,İSTANBUL,7
AHMED ARİF ANADOLU LİSESİ,DİYARBAKIR,7
ÖZEL ÇEVRE KOLEJİ,İSTANBUL,7
ÖZEL FATSA BAHÇEŞEHİR FEN LİSESİ,ORDU,7
DİNAR FEN LİSESİ,AFYONKARAHİSAR,7
ÖZEL BATIKENT MELTEM AYHAN FEN LİSESİ,ANKARA,7
AYTEN KEMAL AKINAL ANADOLU LİSESİ,GAZİANTEP,7
MEHMET HADİ KAHRAMAN FEN LİSESİ,MARDİN,7
NECMETTİN ERBAKAN ANADOLU İMAM HATİP LİSESİ,KAHRAMANMARAŞ,7
ÖZEL BEYZA ENDERUN FEN LİSESİ,KAHRAMANMARAŞ,7
TERME FEN LİSESİ,SAMSUN,7
TUNCELİ TÜRK TELEKOM FEN LİSESİ,TUNCELİ,7
YAVUZ SULTAN SELİM ANADOLU LİSESİ,ANKARA,7
ERCİYES ANADOLU İMAM HATİP LİSESİ,KAYSERİ,7
ÖZEL KARAMAN BAŞARI FEN LİSESİ,KARAMAN,7
ÖZEL TURUNCU FEN LİSESİ,İZMİR,7
ÖZEL ÇINAR FEN LİSESİ,İSTANBUL,7
SİLİFKE FEN LİSESİ,MERSİN,7
ÖZEL ERAL ANADOLU LİSESİ,ADANA,7
ÖMER DERİNDERE FEN LİSESİ,ÇORUM,7
ÖZEL GAZİANTEP İŞLEM FEN LİSESİ,GAZİANTEP,7
ÖZEL MODERN ANKARA ÇINAR ANADOLU LİSESİ,ANKARA,7
ÖZEL İAOSB NEDİM UYSAL MESLEKİ VE TEKNİK ANADOLU LİSESİ,İZMİR,7
ÖZEL BAHÇEŞEHİR FEN LİSESİ,KAYSERİ,7
DURMUŞ ALİ ÇOBAN ANADOLU LİSESİ,DENİZLİ,8
AZİZ SANCAR ANADOLU LİSESİ,İSTANBUL,8
MERİNOS ALİ ERDEMOĞLU FEN LİSESİ,ADIYAMAN,8
ÖZEL BİLGİ FEN LİSESİ,TOKAT,8
OSMANGAZİ GAZİ ANADOLU LİSESİ,BURSA,8
MELİHA HASANALİ BOSTAN ÇUBUK FEN LİSESİ,ANKARA,8
ÖZEL ANTALYA RENK FEN LİSESİ,ANTALYA,8
ÖZEL ELAZIĞ FİNAL AKADEMİ FEN LİSESİ,ELAZIĞ,8
ÖZEL YANKI ANADOLU LİSESİ,ANKARA,8
ÖZEL BURSA FEN GURUP FEN LİSESİ,BURSA,8
TAHİR BÜYÜKKÖRÜKÇÜ ANADOLU İMAM HATİP LİSESİ,KONYA,8
MUSTAFA KAYNAK ANADOLU LİSESİ,DENİZLİ,8
GÜNEYSU ŞEHİT KEMAL MUTLU FEN LİSESİ,RİZE,8
ILGIN TİCARET BORSASI FEN LİSESİ,KONYA,8
DÜZCE ANADOLU İMAM HATİP LİSESİ,DÜZCE,8
ÖZEL SALİHLİ BAHÇEŞEHİR KOLEJİ FEN LİSESİ,MANİSA,8
ÖZEL SERDİVAN ALTINKÜRE FEN LİSESİ,SAKARYA,8
KONAK ANADOLU LİSESİ,İZMİR,8
ÖZEL ISPARTA BÜYÜK BAŞARI KOLEJİ ANADOLU LİSESİ,ISPARTA,8
TED AFYON KOLEJİ ÖZEL ANADOLU LİSESİ,AFYONKARAHİSAR,8
NUH MEHMET BALDÖKTÜ ANADOLU LİSESİ,KAYSERİ,8
MEHMET AKİF ERSOY KIZ ANADOLU İMAM HATİP LİSESİ,KOCAELİ,8
MANAVGAT ANADOLU LİSESİ,ANTALYA,8
ÇANAKKALE ÖZEL FEN LİSESİ,ÇANAKKALE,8
ÖZEL MUSTAFAKEMALPAŞA SINAV KOLEJİ FEN LİSESİ,BURSA,8
ŞEHİT MUSTAFA SEZGİN KIZ ANADOLU İMAM HATİP LİSESİ,KAYSERİ,8
MEV KOLEJİ ÖZEL BÜYÜKÇEKMECE FEN LİSESİ,İSTANBUL,8
ÖZEL SEÇKİN BİLİM KOLEJİ FEN LİSESİ,ORDU,8
ÖZEL PROFESYONEL EĞİTİM AKADEMİSİ,PEMA,8
ÜRGÜP TESAN FEN LİSESİ,NEVŞEHİR,8
FATİH ANADOLU LİSESİ,ADIYAMAN,8
DOLAPOĞLU ANADOLU LİSESİ,KONYA,8
MALATYA ANADOLU LİSESİ,MALATYA,8
TEKİRDAĞ ANADOLU LİSESİ,TEKİRDAĞ,8
GEDİZ FEN LİSESİ,KÜTAHYA,8
MİDYAT ANADOLU İMAM HATİP LİSESİ,MARDİN,8
MEVLANA ANADOLU LİSESİ,İSTANBUL,8
ŞEHİT ADİL BÜYÜKCENGİZ ANADOLU İMAM HATİP LİSESİ,İSTANBUL,8
FATİH ANADOLU LİSESİ,ANKARA,8
KÖYCEĞİZ FEN LİSESİ,MUĞLA,8
BİSMİL FEN LİSESİ,DİYARBAKIR,8
SÖKE YAVUZ SELİM ANADOLU LİSESİ,AYDIN,8
EREĞLİ LİSESİ,KONYA,8
DEDE KORKUT ANADOLU LİSESİ,İSTANBUL,8
15 TEMMUZ ŞEHİTLER ANADOLU LİSESİ,İZMİR,8
NURİ NİHAT ASLANOBA ANADOLU LİSESİ,BURSA,8
KAHTA BORSA İSTANBUL FEN LİSESİ,ADIYAMAN,8
ÖZEL GELECEK EGEFEN ANADOLU LİSESİ,AYDIN,8
HİKMET KİLER FEN LİSESİ,BİTLİS,8
ÖZEL SERDİVAN TEKSEN ANADOLU LİSESİ,SAKARYA,8
ÖZEL BURSA SINAV KOLEJİ FEN LİSESİ,BURSA,8
ÖZEL ADANA DOĞA FEN LİSESİ,ADANA,8
TATVAN FEN LİSESİ,BİTLİS,8
İSMAİL SAFA ÖZLER ANADOLU LİSESİ,ADANA,8
BORSA İSTANBUL İSLAHİYE FEN LİSESİ,GAZİANTEP,8
ÖZEL SELÇUKLU YÖNTEM FEN LİSESİ,KONYA,8
SİNOP FEN LİSESİ,SİNOP,8
MİLAS ANADOLU LİSESİ,MUĞLA,8
ADNAN MENDERES ANADOLU LİSESİ,DİYARBAKIR,8
ÖZEL SEDAT AKDOĞAN PANCARLI ANADOLU LİSESİ,GAZİANTEP,8
ÖZEL ARTI BİLGİ FEN LİSESİ,SAMSUN,8
ÖZEL ERYAMAN SINAV KOLEJİ FEN LİSESİ,ANKARA,8
POLATLI TOBB FEN LİSESİ,ANKARA,8
ALAŞEHİR FEN LİSESİ,MANİSA,8
ÖZEL İHLAS FEN LİSESİ,İSTANBUL,8
ÖZEL HÜRRİYET FEN LİSESİ,VAN,8
ÖZEL ISPARTA FİNAL AKADEMİ FEN LİSESİ,ISPARTA,8
ÖZEL SINAV KOLEJİ ŞAHİN FEN LİSESİ,KOCAELİ,8
ŞEHİT ŞİRİN DİRİL KIZ ANADOLU İMAM HATİP LİSESİ,İSTANBUL,8
KEREM AYDINLAR FEN LİSESİ,MALATYA,8
BORSA İSTANBUL FEN LİSESİ,ESKİŞEHİR,8
ATATÜRK ANADOLU LİSESİ,ÇORUM,8
ÜMİTKÖY ANADOLU LİSESİ,ANKARA,8
NİŞANTAŞI ANADOLU LİSESİ,İSTANBUL,8
ÖZEL DENİZLİ GELİŞİM KOLEJİ FEN LİSESİ,DENİZLİ,8
ÖZEL KIRŞEHİR SİMYA FEN LİSESİ,KIRŞEHİR,8
SAMSUN ANADOLU LİSESİ,SAMSUN,8
NİYAZİ TÜRKMENOĞLU ANADOLU LİSESİ,VAN,8
GÜMÜŞHANE TÜRK TELEKOM FEN LİSESİ,GÜMÜŞHANE,8
DÜZCE TURGUT ÖZAL ANADOLU LİSESİ,DÜZCE,8
ÖZEL MEKTEBİM KOLEJİ BİLİM KAMPÜSÜ FEN LİSESİ,DİYARBAKIR,8
HAYRULLAH KEFOĞLU ANADOLU LİSESİ,İSTANBUL,8
ADANA KIVANÇ ANADOLU İMAM HATİP LİSESİ,ADANA,8
POLATLI ANADOLU LİSESİ,ANKARA,8
ÖZEL LİSAN FEN EĞİTİM KURUMLARI GÜNEY FEN LİSESİ,MERSİN,8
SÜLEYMAN NAZİF ANADOLU LİSESİ,İSTANBUL,9
ÖZEL GÜLEÇ ABC FEN LİSESİ,KIRIKKALE,9
VİRANŞEHİR FEN LİSESİ,ŞANLIURFA,9
ÖZEL UZMANLAR ANADOLU LİSESİ,YALOVA,9
FATİH ANADOLU LİSESİ,ADANA,9
SIRRI YIRCALI ANADOLU LİSESİ,BALIKESİR,9
KIRKLARELİ FEN LİSESİ,KIRKLARELİ,9
ÖZEL ÇANAKKALE BAŞARI FEN LİSESİ,ÇANAKKALE,9
SEYHAN ROTARY ANADOLU LİSESİ,ADANA,9
ÖZEL AMASYA KUTLUBEY KOLEJİ FEN LİSESİ,AMASYA,9
KARS FEN LİSESİ,KARS,9
MAT-FKB ÖZEL GELİŞİM FEN LİSESİ,ESKİŞEHİR,9
ÇİNE MADRAN ANADOLU LİSESİ,AYDIN,9
ZONGULDAK BORSA İSTANBUL ANADOLU LİSESİ,ZONGULDAK,9
MERKEZEFENDİ BELEDİYESİ ANADOLU İMAM HATİP LİSESİ,DENİZLİ,9
ULUSLARARASI PENDİK KIZ ANADOLU İMAM HATİP LİSESİ,İSTANBUL,9
ÇORUM BELEDİYESİ PROF. DR. HAYREDDİN KARAMAN ANADOLU İMAM HATİP LİSESİ,ÇORUM,9
ÖZEL MAVİ ADAY ANADOLU LİSESİ,SAMSUN,9
DARICA ÜLKÜN YALÇIN ANADOLU LİSESİ,KOCAELİ,9
ÖZEL MATEMATİK FEN BİLİMLERİ FEN LİSESİ,SAMSUN,9
75.YIL ANADOLU LİSESİ,ADANA,9
GAZİ OSMAN PAŞA LİSESİ,TOKAT,9
ÖZEL ÇUBUK HEDEFİM ANADOLU LİSESİ,ANKARA,9
İSKENDERUN CUMHURİYET ANADOLU LİSESİ,HATAY,9
MEHMET NİYAZİ ALTUĞ ANADOLU LİSESİ,İSTANBUL,9
GÜNGÖREN İSTANBUL TİCARET ODASI KIZ ANADOLU İMAM HATİP LİSESİ,İSTANBUL,9
ÖZEL ŞANLIURFA SARAÇ İLGİ OKULLARI ANADOLU LİSESİ,ŞANLIURFA,9
ŞEHİT MUHSİN KİREMİTÇİ FEN LİSESİ,KONYA,9
ERMENEK UYSAL-HASAN KALAN FEN LİSESİ,KARAMAN,9
SEBAHATTİN AKYÜZ FEN LİSESİ,MUĞLA,9
ÖZEL KONAKLAR CİHANGİR FEN LİSESİ,KAYSERİ,9
ADİLE MERMERCİ ANADOLU LİSESİ,İSTANBUL,9
TOBB FERDİ YİĞİT ANADOLU İMAM HATİP LİSESİ,DİYARBAKIR,9
ÇEMBERLİTAŞ ANADOLU LİSESİ,İSTANBUL,9
NECİP FAZIL KISAKÜREK ANADOLU LİSESİ,KÜTAHYA,9
BEŞİKTAŞ ANADOLU LİSESİ,İSTANBUL,9
KDZ. EREĞLİ ANADOLU LİSESİ,ZONGULDAK,9
AKHİSAR ŞEYH İSA ANADOLU LİSESİ,MANİSA,9
NAİM ATAKAŞ ANADOLU LİSESİ,HATAY,9
ÖZEL ALAPLI BAHÇEŞEHİR KOLEJİ FEN LİSESİ,ZONGULDAK,9
ELBİSTAN ANADOLU LİSESİ,KAHRAMANMARAŞ,9
ATATÜRK ANADOLU LİSESİ,SİİRT,9
ERDEM BAYAZIT ANADOLU LİSESİ,KAHRAMANMARAŞ,9
ÖZEL ÇANAKKALE KAMPÜS KOLEJİ FEN LİSESİ,ÇANAKKALE,9
ÖZEL ADANA FİNAL ANADOLU LİSESİ,ADANA,9
SEYHAN DANİŞMENT GAZİ ANADOLU LİSESİ,ADANA,9
MALATYA LİSESİ,MALATYA,9
ÖZEL AĞRI DOĞA ANADOLU LİSESİ,AĞRI,9
TOSYA FEN LİSESİ,KASTAMONU,9
KAMİL MİRAS ANADOLU LİSESİ,AFYONKARAHİSAR,9
ÖZEL TEMEL DEĞERLER FEN LİSESİ,KONYA,9
GAZİPAŞA FEN LİSESİ,ANTALYA,9
KEŞAP FEN LİSESİ,GİRESUN,9
ÖZEL AYDIN PUSULA KOLEJİ ANADOLU LİSESİ,AYDIN,9
ULUBATLI HASAN ANADOLU LİSESİ,BURSA,9
TÜLAY BAŞARAN ANADOLU LİSESİ,SAMSUN,9
MARDİN ANADOLU LİSESİ,MARDİN,9
ÖZEL EDİRNE TED KOLEJİ ANADOLU LİSESİ,EDİRNE,9
DR. İLHAMİ TANKUT ANADOLU LİSESİ,ANTALYA,9
EDİRNE LİSESİ,EDİRNE,9
ÖZEL ERDEMLİ GENİŞ AÇI KOLEJİ ANADOLU LİSESİ,MERSİN,9
MELİKŞAH ANADOLU İMAM HATİP LİSESİ,HATAY,9
İBRAHİM ÖNAL FEN LİSESİ,BURSA,9
ŞEHİT YILMAZ ERCAN KIZ ANADOLU İMAM HATİP LİSESİ,SAKARYA,9
PİRİ REİS ANADOLU LİSESİ,ADANA,9
MUSTAFA GÜRBÜZ NECAT BAYEL ANADOLU LİSESİ,GAZİANTEP,9
ÖZEL GÜNDOĞDU FEN LİSESİ,ADANA,9
KARTAL ANADOLU LİSESİ,İSTANBUL,9
FATMA-EMİN KUTVAR ANADOLU LİSESİ,BALIKESİR,9
MED MARİNE TUNCER ŞEN FEN LİSESİ,KOCAELİ,9
ARTVİN FEN LİSESİ,ARTVİN,9
GAZİ ÜNİVERSİTESİ VAKFI ÖZEL FEN LİSESİ,ANKARA,9
ÖZEL İSTEK ÇANAKKALE BİNDOKUZYÜZONBEŞ FEN LİSESİ,ÇANAKKALE,9
ÖZEL KIRŞEHİR ANADOLU LİSESİ,KIRŞEHİR,9
ESENTEPE ANADOLU LİSESİ,ADIYAMAN,9
ÖZEL TEKDEN FEN LİSESİ,KAYSERİ,9
GAZİ ANADOLU LİSESİ,İSTANBUL,9
ÖZEL DİYARBAKIR NESİBE AYDIN FEN LİSESİ,DİYARBAKIR,9
ÖZEL ISPARTA DOĞA ANADOLU LİSESİ,ISPARTA,9
YILMAZ KAYALAR FEN LİSESİ,TOKAT,9
ÖZEL ALAŞEHİR BAHÇEŞEHİR KOLEJİ FEN LİSESİ,MANİSA,9
MEHMET BAYDAR ANADOLU LİSESİ,İSTANBUL,9
ÖZEL MATBİLİM KOLEJİ ANADOLU LİSESİ,ANKARA,9
KEPEZ MAHMUT CELALETTİN ÖKTEN ANADOLU İMAM HATİP LİSESİ,ANTALYA,9
İSTANBUL RECEP TAYYİP ERDOĞAN ANADOLU İMAM HATİP LİSESİ,İSTANBUL,10
ÖZEL KOCAELİ SİMYA FEN LİSESİ,KOCAELİ,10
ÖZEL ORTACA ÇÖZÜM ANADOLU LİSESİ,MUĞLA,10
YÜREĞİR HALICILAR ANADOLU LİSESİ,ADANA,10
ÖZEL KAMPÜS FEN LİSESİ,ANKARA,10
ÖZEL ERCİYES ANADOLU LİSESİ,KAYSERİ,10
HACI ÖMER TARMAN ANADOLU LİSESİ,ANKARA,10
ÖZEL ŞAFAK ÖNCÜ KOLEJİ FEN LİSESİ,UŞAK,10
KAĞITHANE ANADOLU LİSESİ,İSTANBUL,10
ÖZEL YENİ AKDENİZ ANADOLU LİSESİ,HATAY,10
KANUNİ ANADOLU LİSESİ,TRABZON,10
İSTANBUL ÜSKÜDAR LİSESİ,İSTANBUL,10
ÖZEL GAZİANTEP NESİBE AYDIN FEN LİSESİ,GAZİANTEP,10
ÖZEL KÜLTÜR FEN LİSESİ,İSTANBUL,10
ÖZEL GÜRÇAĞ FEN LİSESİ,ANKARA,10
BANDIRMA YAVUZ SULTAN SELİM ANADOLU LİSESİ,BALIKESİR,10
ÖZEL BALIKESİR KAPLAN MIDIK FEN LİSESİ,BALIKESİR,10
MEVLANA ANADOLU LİSESİ,BATMAN,10
AKYAZI EYYUP GENÇ FEN LİSESİ,SAKARYA,10
MUSTAFA HAKAN GÜVENÇER FEN LİSESİ,ANKARA,10
MERSİN YUSUF KALKAVAN ANADOLU LİSESİ,MERSİN,10
ÖZEL BORNOVA ANADOLU LİSESİ,İZMİR,10
ÖZEL FETHİYE AKADEMİ FEN LİSESİ,MUĞLA,10
ÜNYE FEN LİSESİ,ORDU,10
ÖZEL SULAR ANADOLU LİSESİ,ADANA,10
ÖZEL BANDIRMA BİREY FEN LİSESİ,BALIKESİR,10
TP FATIMA ZEHRA KIZ ANADOLU İMAM HATİP LİSESİ,BATMAN,10
KAZIM KARABEKİR ANADOLU LİSESİ,VAN,10
ÖZEL NENE HATUN KIZ FEN LİSESİ,ANKARA,10
DR.VASIF TOPÇU FEN LİSESİ,İSTANBUL,10
BERGAMALI KADRİ ANADOLU İMAM HATİP LİSESİ,İZMİR,10
NEVZAT AYAZ ANADOLU LİSESİ,DİYARBAKIR,10
ÖZEL SAMSUN ÇİZGİ ÜSTÜ FEN BİLİMLERİ OKULLARI FEN LİSESİ,SAMSUN,10
BURAK BORA ANADOLU LİSESİ,İSTANBUL,10
SEMA YAZAR ANADOLU LİSESİ,KAYSERİ,10
İSTANBUL ANADOLU LİSESİ,İSTANBUL,10
SUŞEHRİ FEN LİSESİ,SİVAS,10
KEŞAN FEN LİSESİ,EDİRNE,10
ÖZEL TED RÖNESANS ANADOLU LİSESİ,İSTANBUL,10
TÜRK TELEKOM ANADOLU LİSESİ,BATMAN,10
GAZİ ANADOLU LİSESİ,ADANA,10
ABDURRAHMANPAŞA LİSESİ,KASTAMONU,10
ÖZEL ALİ KURT EĞİTİM MERKEZİ ANADOLU LİSESİ,DENİZLİ,10
ÖZEL İDEAL BEŞGEN ANADOLU LİSESİ,ANKARA,10
FATİH SULTAN MEHMET ANADOLU LİSESİ,BARTIN,10
KAYSERİ LİSESİ,KAYSERİ,10
ÖZEL ÇUKUROVA ERAL FEN LİSESİ,ADANA,10
BURSA KIZ LİSESİ,BURSA,10
ÖZEL KOCAELİ BİLNET FEN LİSESİ,KOCAELİ,10
BÜYÜKŞEHİR BELEDİYESİ ORDU ANADOLU İMAM HATİP LİSESİ,ORDU,10
TED SİVAS KOLEJİ ÖZEL ANADOLU LİSESİ,SİVAS,10
ÖZEL ZEHRA FEN LİSESİ,ANKARA,10
ÖZEL ANKARA AÇILIM KOLEJİ FEN LİSESİ,ANKARA,10
TED BURSA ÖZEL KOLEJİ,BURSA,10
AYHAN SÜMER ANADOLU LİSESİ,ANKARA,10
ÖZEL KİPAŞ ANADOLU LİSESİ,KAHRAMANMARAŞ,10
CEYLANPINAR FEN LİSESİ,ŞANLIURFA,10
ÖZEL TÜRK FEN LİSESİ,İZMİR,10
MUSTAFA KOYUNCU FEN LİSESİ,KAYSERİ,10
DİYARBAKIR ANADOLU LİSESİ,DİYARBAKIR,10
ÖZEL YENİ YOL ANADOLU LİSESİ,ESKİŞEHİR,10
AYDINLIKEVLER ANADOLU LİSESİ,ANKARA,10
HAZIM KULAK ANADOLU LİSESİ,AKSARAY,10
ŞEHİT ÖĞRETMEN NECMEDDİN KUYUCU ANADOLU LİSESİ,KOCAELİ,10
ANAFARTALAR ANADOLU LİSESİ,SAMSUN,10
ÇAMLICA KIZ ANADOLU İMAM HATİP LİSESİ,İSTANBUL,10
MUHİTTİN MUSTAFA BÖCEK ANADOLU LİSESİ,ANTALYA,10
ASELSAN MESLEKİ VE TEKNİK ANADOLU LİSESİ,ANKARA,10
ÖZEL MUTLU EĞİTİM MODELİ FEN LİSESİ,ŞANLIURFA,10
TURHAL ŞEKER FEN LİSESİ,TOKAT,10
AYDIN LİSESİ,AYDIN,10
GAZİOSMANPAŞA ANADOLU LİSESİ,İSTANBUL,10
FETHİYE ÖMER ÖZYER ANADOLU LİSESİ,MUĞLA,10
KIRIKKALE ATATÜRK ANADOLU LİSESİ,KIRIKKALE,10
ÖZEL KONYAALTI BAHÇEŞEHİR KOLEJİ FEN VE TEKNOLOJİ LİSESİ,ANTALYA,10
ÖZEL ANKARA YENİMAHALLE HEDEF AKADEMİ ANADOLU LİSESİ,ANKARA,10
ÖZEL KADİRLİ BAHÇEŞEHİR KOLEJİ FEN LİSESİ,OSMANİYE,10
ÖZEL BİLNET OKULLARI KARŞIYAKA FEN LİSESİ,İZMİR,10
MİDYAT ANADOLU LİSESİ,MARDİN,10
ÖZELTEKİRDAĞ AKA FEN LİSESİ,TEKİRDAĞ,10
KILIÇOĞLU ANADOLU LİSESİ,ESKİŞEHİR,10
GÜZELYURT KIZ ANADOLU İMAM HATİP LİSESİ,İSTANBUL,10
1. KILIÇARSLAN FEN LİSESİ,DİYARBAKIR,10
ÖZEL P.E.V. AMİROĞLU FEN LİSESİ,DENİZLİ,10
DEVELİ BORSA İSTANBUL FEN LİSESİ,KAYSERİ,10
GÖYNÜK FEN LİSESİ,ANTALYA,11
ÖZEL RİZE LEVENT FEN LİSESİ,RİZE,11
ÖZEL SEVGİ ANADOLU LİSESİ,ANKARA,11
PROF. DR. SABAHATTİN ZAİM ANADOLU LİSESİ,İSTANBUL,11
ŞEHİT AHMET ÖZSOY FEN LİSESİ,İZMİR,11
BAFRA ANADOLU LİSESİ,SAMSUN,11
NİĞDE YUNUS EMRE ANADOLU LİSESİ,NİĞDE,11
NAZİLLİ ANADOLU LİSESİ,AYDIN,11
GEREDE FEN LİSESİ,BOLU,11
SEZAİ KARAKOÇ ANADOLU LİSESİ,DİYARBAKIR,11
MENTEŞE ANADOLU LİSESİ,MUĞLA,11
İRFANLI ANADOLU LİSESİ,AMASYA,11
BUCA FATMA SAYGIN ANADOLU LİSESİ,İZMİR,11
KARATAY TOKİ ANADOLU LİSESİ,KONYA,11
ÖZEL TED ÇORUM ANADOLU LİSESİ,ÇORUM,11
AÇIK ÖĞRETİM LİSESİ,,11
ATAKÖY CUMHURİYET ANADOLU LİSESİ,İSTANBUL,11
HATİCE-CEMİL ERCAN FEN LİSESİ,ANKARA,11
ÖZEL FENTEK KOLEJİ FEN LİSESİ,KAYSERİ,11
ABDULKERİM BENGİ ANADOLU LİSESİ,MERSİN,11
ÖZEL İSTEM KOLEJİ ANADOLU LİSESİ,KAYSERİ,11
PATNOS SELAHADDİN EYYUBİ FEN LİSESİ,AĞRI,11
VİRANŞEHİR ANADOLU LİSESİ,ŞANLIURFA,11
ANKARA ÜNİVERSİTESİ GELİŞTİRME VAKFI ÖZEL FEN LİSESİ,ANKARA,11
ÖZEL BALIKESİR PUSULA FEN LİSESİ,BALIKESİR,11
BETÜL CAN ANADOLU LİSESİ,ANKARA,11
BODRUM ANADOLU LİSESİ,MUĞLA,11
BEŞİKDÜZÜ BORSA İSTANBUL FEN LİSESİ,TRABZON,11
YENİŞEHİR ANADOLU İMAM HATİP LİSESİ,MERSİN,11
İSKENDERUN PAŞA KARACA ANADOLU İMAM HATİP LİSESİ,HATAY,11
NURULLAH EREN ANADOLU LİSESİ,BİTLİS,11
ÖZEL ELMADAĞ AÇI FEN LİSESİ,ANKARA,11
ÖZEL SAKARYA YANKI KOLEJİ ANADOLU LİSESİ,SAKARYA,11
ÖZEL GENÇ ADIM FEN LİSESİ,SAMSUN,11
EBU SADIK ANADOLU İMAM HATİP LİSESİ,ADIYAMAN,11
ÖZEL ÇUKUROVA KAVRAM KOLEJİ FEN LİSESİ,MERSİN,11
BİGA İÇDAŞ FEN LİSESİ,ÇANAKKALE,11
MURADİYE ALPASLAN FEN LİSESİ,VAN,11
ÖZEL İZMİR BAHÇEŞEHİR KOLEJİ ELLİNCİ YIL ANADOLU LİSESİ,İZMİR,11
ORDU ANADOLU LİSESİ,ORDU,11
KAPAKLI ANADOLU LİSESİ,TEKİRDAĞ,11
ÖZEL DENİZLİ BAHÇEŞEHİR ANADOLU LİSESİ,DENİZLİ,11
NEVZAT AYAZ ANADOLU LİSESİ,İSTANBUL,11
DÜZİÇİ FEN LİSESİ,OSMANİYE,11
BAFRA ALTINKAYA ANADOLU LİSESİ,SAMSUN,11
ÖZEL MATFEN ANADOLU LİSESİ,ANKARA,11
ÖZEL BURDUR BAHÇEŞEHİR KOLEJİ FEN LİSESİ,BURDUR,11
OSMAN ÖTKEN ANADOLU LİSESİ,HATAY,11
KARŞIYAKA ANADOLU LİSESİ,BİNGÖL,11
ABDULKADİR ÖZCAN ANADOLU İMAM HATİP LİSESİ,KIRŞEHİR,11
ELAZIĞ ANADOLU LİSESİ,ELAZIĞ,11
YAHYA KEMAL BEYATLI ANADOLU LİSESİ,ŞANLIURFA,11
ADAPAZARI ANADOLU İMAM HATİP LİSESİ,SAKARYA,11
ÖZEL KARAOĞLAN FEN LİSESİ,KAHRAMANMARAŞ,11
SİLİFKE ANADOLU LİSESİ,MERSİN,11
ÖZEL ÇUKURAMBAR DOĞA FEN VE TEKNOLOJİ LİSESİ,ANKARA,11
NEVZAT KARALP ANADOLU LİSESİ,DENİZLİ,11
KAMAN BORSA İSTANBUL FEN LİSESİ,KIRŞEHİR,11
ÖZEL OĞUZHAN ÖZKAYA FEN LİSESİ,İZMİR,11
ŞEHİT TEVHİT AKKAN KIZ ANADOLU İMAM HATİP LİSESİ,ISPARTA,11
DR. KEMAL NACİ EKŞİ ANADOLU LİSESİ,İSTANBUL,11
ÖZEL ÇAĞRI FEN LİSESİ,ANKARA,11
ÖZEL NEVŞEHİR SİMYA FEN LİSESİ,NEVŞEHİR,11
SELAHADDİN EYYUBİ ANADOLU İMAM HATİP LİSESİ,MALATYA,11
ŞEHİT HAKİ ARAS KIZ ANADOLU İMAM HATİP LİSESİ,İSTANBUL,11
İBRAHİM BEDRETTİN ELMALI FEN LİSESİ,ANTALYA,11
ÖZEL TEKNONET FEN LİSESİ,GAZİANTEP,11
BÜNYAN FEN LİSESİ,KAYSERİ,11
ÖZEL YALOVA GÜÇLÜ FEN LİSESİ,YALOVA,11
ÖDEMİŞ TİCARET ODASI ANADOLU LİSESİ,İZMİR,11
ADIYAMAN ANADOLU İMAM-HATİP LİSESİ,ADIYAMAN,11
NERMİN MEHMET ÇEKİÇ ANADOLU LİSESİ,ANKARA,11
ÖZEL KIRŞEHİR SİMYA ANADOLU LİSESİ,KIRŞEHİR,11
ARTUKLU ANADOLU İMAM HATİP LİSESİ,MARDİN,11
ÖZEL TUĞRA FEN LİSESİ,KONYA,11
KARATAY KONYA ANADOLU İMAM HATİP LİSESİ,KONYA,11
ÖZEL TAN ANADOLU LİSESİ,BURSA,11
ÖZEL SEV LİSESİ,İSTANBUL,11
ÖZEL AÇI KOLEJİ FEN LİSESİ,ERZURUM,11
ÖZEL ÜÇFEN ANADOLU LİSESİ,ANKARA,11
TENZİLE ERDOĞAN ANADOLU LİSESİ,ISPARTA,11
ÖZEL NOTRE DAME DE SION FRANSIZ LİSESİ,İSTANBUL,11
SUNGURLU FEN LİSESİ,ÇORUM,11
KANDIRA AKÇAKOCA ANADOLU LİSESİ,KOCAELİ,11
SÜLEYMAN DEMİREL ANADOLU LİSESİ,ANKARA,12
ÖZEL TARSUS KÖKLÜ ANADOLU LİSESİ,MERSİN,12
İSTEK ÖZEL BİLGE KAĞAN ANADOLU LİSESİ,İSTANBUL,12
ÖZEL ÇARŞAMBA MEKTEBİM KOLEJİ FEN LİSESİ,SAMSUN,12
BAYBURT FEN LİSESİ,BAYBURT,12
MÜMTAZ TURHAN ANADOLU LİSESİ,ERZURUM,12
HACI BEKTAŞ VELİ ANADOLU LİSESİ,İSTANBUL,12
ÖZEL KADIKÖY NAZMİ ARIKAN FEN BİLİMLERİ ANADOLU LİSESİ,İSTANBUL,12
ÖZEL BURSA KÜLTÜR FEN LİSESİ,BURSA,12
TAŞKÖPRÜ FEN LİSESİ,KASTAMONU,12
ÖZEL ANTALYA BAHÇEŞEHİR ANADOLU LİSESİ,ANTALYA,12
ÖZEL TOKAT YÖNTEM ANADOLU LİSESİ,TOKAT,12
ERDOĞAN AKDAĞ FEN LİSESİ,YOZGAT,12
ÖZEL BAHÇEŞEHİR KOLEJİ DR. BURHAN KARA FEN LİSESİ,ANKARA,12
ÖZEL ÖZLÜCE SINAV KOLEJİ FEN LİSESİ,BURSA,12
ÖZEL KARADENİZ EREĞLİ DOĞA FEN LİSESİ,ZONGULDAK,12
BEYDAĞI ANADOLU LİSESİ,MALATYA,12
GÜLİZAR ZEKİ OBDAN ANADOLU LİSESİ,İSTANBUL,12
AYVACIK FEN LİSESİ,ÇANAKKALE,12
ÖZEL MURATPAŞA BİRİKİM ANADOLU LİSESİ,ANTALYA,12
ALP OĞUZ ANADOLU LİSESİ,İZMİR,12
ÖZEL GÜZELBAHÇE BAHÇEŞEHİR KOLEJİ ANADOLU LİSESİ,İZMİR,12
ERZİNCAN LİSESİ,ERZİNCAN,12
ÖZEL BEYLİKDÜZÜ AÇI ANADOLU LİSESİ,İSTANBUL,12
ÖZEL İSTANBUL MODERN İLİMLER ANADOLU LİSESİ,MUĞLA,12
ÖZEL BEŞTEPE ANADOLU LİSESİ,ANKARA,12
SUNGURBEY ANADOLU LİSESİ,ADANA,12
FARABİ ANADOLU LİSESİ,OSMANİYE,12
ARDAHAN FEN LİSESİ,ARDAHAN,12
MUSTAFA SAFFET ANADOLU LİSESİ,İSTANBUL,12
SANCAKTEPE ARİF NİHAT ASYA ANADOLU LİSESİ,İSTANBUL,12
SAMANDAĞ ATATÜRK ANADOLU LİSESİ,HATAY,12
AKİF İNAN ANADOLU İMAM HATİP LİSESİ,İSTANBUL,12
ÖZEL SAMSUN ATAKENT FİNAL AKADEMİ FEN LİSESİ,SAMSUN,12
AYRANCI ANADOLU LİSESİ,ANKARA,12
CENGİZHAN ANADOLU LİSESİ,İSTANBUL,12
MEHMET CADIL ANADOLU LİSESİ,BURDUR,12
HÜMEYRA ÖKTEN KIZ ANADOLU İMAM HATİP LİSESİ,ADANA,12
SELAHADDİNİ EYYUBİ ANADOLU LİSESİ,DİYARBAKIR,12
KOCAELİ ANADOLU LİSESİ,KOCAELİ,12
ÖMER ÇAM ANADOLU İMAM HATİP LİSESİ,İSTANBUL,12
NEVZAT KARABAĞ ANADOLU LİSESİ,ERZURUM,12
ÖZEL MEZAİM KİRAZ FEN LİSESİ,ANKARA,12
SENAN İDİN FEN LİSESİ,ŞIRNAK,12
ŞEHİT MUHAMMED FAZLI DEMİR ANADOLU İMAM HATİP LİSESİ,İSTANBUL,12
ERDEMLİ BORSA İSTANBUL FEN LİSESİ,MERSİN,12
OF FEN LİSESİ,TRABZON,12
BURSA ATATÜRK ANADOLU LİSESİ,BURSA,12
15 TEMMUZ ŞEHİTLERİ ANADOLU LİSESİ,AĞRI,12
ÖZEL DİYARBAKIR BAHÇEŞEHİR FEN LİSESİ,DİYARBAKIR,12
SERİK FEN LİSESİ,ANTALYA,12
ÖZEL ONİKİŞUBAT DOĞA KOLEJİ FEN LİSESİ,KAHRAMANMARAŞ,12
ERCİŞ FEN LİSESİ,VAN,12
ÖZEL FİNAL FEN LİSESİ,ERZURUM,12
YAKUTİYE ANADOLU İMAM HATİP LİSESİ,ERZURUM,12
ÖZEL DENİZLİ İSTEK FEN LİSESİ,DENİZLİ,12
ÖZEL SEMBOL ANADOLU LİSESİ,ANKARA,12
MEHMET GÜNEŞ ANADOLU LİSESİ,ŞANLIURFA,12
GÜLER ŞEVKİ ÖZBEK ANADOLU LİSESİ,DİYARBAKIR,12
YAHYA KEMAL BEYATLI ANADOLU LİSESİ,İSTANBUL,12
TED SAMSUN KOLEJİ ÖZEL LİSESİ,SAMSUN,12
OSMAN GAZİ FEN LİSESİ,KIRIKKALE,12
BAŞKENT ÜNİVERSİTESİ ÖZEL İSKENDERUN BAŞKENT FEN LİSESİ,HATAY,12
PROF.DR.NECMETTİN ERBAKAN ANADOLU İMAM HATİP LİSESİ,ŞANLIURFA,12
ÖZEL RASİM ŞAHİNKAYA ANADOLU LİSESİ,BURSA,12
SURUÇ FEN LİSESİ,ŞANLIURFA,12
KARAKÖPRÜ HATİCE KÜBRA KIZ ANADOLU İMAM HATİP LİSESİ,ŞANLIURFA,12
DÜZCE ARSAL ANADOLU LİSESİ,DÜZCE,12
ÖZEL MUTLU EĞİTİM MODELİ ANADOLU LİSESİ,ŞANLIURFA,12
ÖZEL SALİHLİ NAZMİ ARIKAN FEN BİLİMLERİ FEN LİSESİ,MANİSA,12
ÖZEL ANKARA SANAYİ ODASI MESLEKİ VE TEKNİK ANADOLU LİSESİ,ANKARA,12
ÖZEL SAMSUN SINAV KOLEJİ FEN VE TEKNOLOJİ LİSESİ,SAMSUN,12
CUMHURİYET ANADOLU LİSESİ,DENİZLİ,12
SAKARYA ANADOLU LİSESİ,SAKARYA,12
ŞEHİT MUHAMMED İSLAM ALTUĞ ANADOLU İMAM HATİP LİSESİ,YALOVA,12
ÖZEL KARADAĞ FEN LİSESİ,KARAMAN,12
ANKARA KIZ ANADOLU İMAM HATİP LİSESİ,ANKARA,12
ANTALYA ANADOLU İMAM HATİP LİSESİ,ANTALYA,12
NECİP FAZIL KISAKÜREK ANADOLU LİSESİ,DİYARBAKIR,12
ÇAYELİ FEN LİSESİ,RİZE,12
ÖZEL İSKENDERUN UĞUR FEN LİSESİ,HATAY,12
AFYONKARAHİSAR KIZ ANADOLU İMAM HATİP LİSESİ,AFYONKARAHİSAR,12
ŞEHİT ÖMER TAKDEMİR ANADOLU İMAM HATİP LİSESİ,ANKARA,12
ÖZEL AYDIN FİNAL AKADEMİ FEN LİSESİ,AYDIN,12
CUMHURİYET ANADOLU LİSESİ,İSTANBUL,12
ÖZEL BATIKENT SINAV ANADOLU LİSESİ,ANKARA,13
HASANOĞLAN ATATÜRK FEN LİSESİ,ANKARA,13
ÇERKEZKÖY ANADOLU LİSESİ,TEKİRDAĞ,13
KUŞADASI MAKBULE HASAN UÇAR ANADOLU LİSESİ,AYDIN,13
ÖZEL DERYA ÖNCÜ ANADOLU LİSESİ,İSTANBUL,13
ŞEVKİYE ÖZEL FEN LİSESİ,DENİZLİ,13
NECMİ ASFUROĞLU ANADOLU LİSESİ,HATAY,13
ÖZEL ÇAĞDAŞ ÖNCÜ ANADOLU LİSESİ,BURSA,13
NECİP FAZIL KISAKÜREK FEN LİSESİ,MANİSA,13
ÖZEL DÜZİÇİ SINAV ANADOLU LİSESİ,OSMANİYE,13
MANİSA HASAN TÜREK ANADOLU LİSESİ,MANİSA,13
ŞEHİT EROL OLÇOK ANADOLU İMAM HATİP LİSESİ,KAHRAMANMARAŞ,13
VAN ATATÜRK ANADOLU LİSESİ,VAN,13
HASAN ÇOLAK ANADOLU LİSESİ,ANTALYA,13
ÖZEL İNTEGRAL FEN LİSESİ,MALATYA,13
ÖZEL ALTINELLER FEN LİSESİ,ADANA,13
ARDEŞEN ŞEHİT ÖMER HALİSDEMİR FEN LİSESİ,RİZE,13
ÖĞRENCİDEN ARMAĞAN ANADOLU LİSESİ,İSTANBUL,13
ÖZEL SAMSUN BAHÇEŞEHİR KOLEJİ ATAKUM ANADOLU LİSESİ,SAMSUN,13
ÖZEL MANAVGAT BAHÇEŞEHİR KOLEJİ FEN LİSESİ,ANTALYA,13
ŞEHİT FEVZİ BAŞARAN ANADOLU İMAM HATİP LİSESİ,BURSA,13
SÜLEYMAN DEMİREL ANADOLU LİSESİ,HATAY,13
MEHMET AKİF ERSOY ANADOLU LİSESİ,BATMAN,13
MEHMET-HANİFE YAPICI ANADOLU LİSESİ,KONYA,13
DENİZLİ ANADOLU İMAM HATİP LİSESİ,DENİZLİ,13
HALİS GÜLLE ANADOLU LİSESİ,SİVAS,13
BURSA MERKEZ ANADOLU İMAM HATİP LİSESİ,BURSA,13
BURSA AHMET VEFİK PAŞA ANADOLU LİSESİ,BURSA,13
TURGUTLU ANADOLU LİSESİ,MANİSA,13
FETHİYE ANADOLU LİSESİ,MUĞLA,13
HACI MALİKE MEHMET BİLEYDİ ANADOLU LİSESİ,ANTALYA,13
ÖZEL SİVAS BATI FEN LİSESİ,SİVAS,13
KÜÇÜKÇEKMECE ANADOLU LİSESİ,İSTANBUL,13
ERTUĞRUL KURDOĞLU FEN LİSESİ,ARTVİN,13
ÇERMİK FEN LİSESİ,DİYARBAKIR,13
ŞEHİT ÖMER HALİSDEMİR ANADOLU LİSESİ,ANKARA,13
NAMIK KEMAL LİSESİ,TEKİRDAĞ,13
ÖZEL KONYA SİSTEM FEN LİSESİ,KONYA,13
ÖVGÜ TERZİBAŞIOĞLU ANADOLU LİSESİ,İZMİR,13
RAHMİ KULA ANADOLU LİSESİ,BALIKESİR,13
BULANCAK FEN LİSESİ,GİRESUN,13
HATİCE-LÜTFÜ AKCAN ANADOLU LİSESİ,GAZİANTEP,13
ŞEHİT ARSLAN KULAKSIZ FEN LİSESİ,MUŞ,13
AHMET NAZİF ZORLU FEN LİSESİ,DENİZLİ,13
BANDIRMA ANADOLU LİSESİ,BALIKESİR,13
VAN ANADOLU İMAM HATİP LİSESİ,VAN,13
GÜLŞEN BATAR ANADOLU LİSESİ,GAZİANTEP,13
ÖZEL UFUK ÇİZGİSİ FEN LİSESİ,ESKİŞEHİR,13
ÖZEL ANKARA AÇI KOLEJİ FEN LİSESİ,ANKARA,13
OSMAN ULUBAŞ ANADOLU LİSESİ,KAYSERİ,13
OSMAN NURİ HEKİMOĞLU ANADOLU LİSESİ,KONYA,13
RIDVAN ÇELİKEL FEN LİSESİ,SAMSUN,13
AKÇADAĞ FATİH FEN LİSESİ,MALATYA,13
ÖZEL BAŞAKŞEHİR BİREY ANADOLU LİSESİ,İSTANBUL,13
MUŞ ANADOLU LİSESİ,MUŞ,13
VEZİRKÖPRÜ HATİCE-KEMAL KAYALIOĞLU FEN LİSESİ,SAMSUN,13
TÜRKİYE ODALAR VE BORSALAR BİRLİĞİ İZZETTİN DÜNDAR ANADOLU LİSESİ,MARDİN,13
İHRAMCIZADE ANADOLU İMAM HATİP LİSESİ,SİVAS,13
KIRIMLI FAZİLET OLCAY ANADOLU LİSESİ,İSTANBUL,13
ŞEHİT ABDULLAH ÜMİT SERCAN ANADOLU LİSESİ,ANTALYA,13
ÖZEL KEÇİÖREN SINAV ANADOLU LİSESİ,ANKARA,13
ÖZEL TOROS FEN LİSESİ,MERSİN,13
ŞEHİT OSMAN ALTINKUYU ANADOLU LİSESİ,YALOVA,13
İSTANBUL ATATÜRK ANADOLU LİSESİ,İSTANBUL,13
ÖZEL BAHÇEŞEHİR KOLEJİ ANADOLU LİSESİ,YALOVA,13
ŞEHİT SERCAN ÖZTÜRK ANADOLU LİSESİ,ANKARA,13
KÜTAHYA AKŞEMSETTİN KIZ ANADOLU İMAM HATİP LİSESİ,KÜTAHYA,13
ŞEHİT KÜBRA DOĞANAY FEN LİSESİ,KAYSERİ,13
GAZİEMİR NEVVAR SALİH İŞGÖREN ANADOLU LİSESİ,İZMİR,13
ÖZEL KOŞUYOLU FİNAL ANADOLU LİSESİ,İSTANBUL,13
ÖZEL DİYARBAKIR FİNAL FEN LİSESİ,DİYARBAKIR,13
AFYON LİSESİ,AFYONKARAHİSAR,13
ÖZEL KONYA ŞEHİR ANADOLU LİSESİ,KONYA,13
KAYSERİ ANADOLU İMAM HATİP LİSESİ,KAYSERİ,13
ISPARTA ANADOLU LİSESİ,ISPARTA,13
GÖKSUN FEN LİSESİ,KAHRAMANMARAŞ,13
TÜRKAN HALİT AYKILIÇ FEN LİSESİ,ŞANLIURFA,13
15 TEMMUZ ŞEHİTLER ANADOLU LİSESİ,TOKAT,13
İSMET AYŞE BEHZATOĞLU ANADOLU LİSESİ,HATAY,13
ÖZEL ÜÇLER ANADOLU LİSESİ,ANKARA,13
ÖZEL ÖZLÜCE TAN ANADOLU LİSESİ,BURSA,13
HAVZA FEN LİSESİ,SAMSUN,13
ŞEHİT KEMAL TOSUN ANADOLU İMAM HATİP LİSESİ,NİĞDE,13
TOKİ KÖPRÜLÜ ANADOLU LİSESİ,ADANA,13
ÜSKÜDAR AHMET KELEŞOĞLU ANADOLU LİSESİ,İSTANBUL,14
GAZİANTEP LİSESİ,GAZİANTEP,14
ERZURUM ANADOLU LİSESİ,ERZURUM,14
RECEP TAYYİP ERDOĞAN ANADOLU İMAM HATİP LİSESİ,BURDUR,14
ÖZEL SAMSUN BOĞAZİÇİ FEN LİSESİ,SAMSUN,14
ÖZEL SAMANDAĞ EKİN ANADOLU LİSESİ,HATAY,14
SİNOP SARI SALTUK ANADOLU LİSESİ,SİNOP,14
ULUSLARARASI KAPTAN AHMET ERDOĞAN ANADOLU İMAM HATİP LİSESİ,İSTANBUL,14
FMV ÖZEL AYAZAĞA IŞIK LİSESİ,İSTANBUL,14
GÖRELE NİHAT GÜREL FEN LİSESİ,GİRESUN,14
ŞEHİT VELİT BEKDAŞ ANADOLU LİSESİ,ANKARA,14
DÜNDAR ÇİLOĞLU ANADOLU LİSESİ,MANİSA,14
TORBALI SEMA KARHAN ANADOLU LİSESİ,İZMİR,14
ÖZEL BURSA EĞİTİM KALESİ ANADOLU LİSESİ,BURSA,14
ELAZIĞ LİSESİ,ELAZIĞ,14
ŞİŞLİ ANADOLU LİSESİ,İSTANBUL,14
ÖZEL YENİMAHALLE SINAV ANADOLU LİSESİ,ANKARA,14
ÖZEL GÖYMEN ANADOLU LİSESİ,İZMİR,14
TÜRK EĞİTİM VAKFI ANADOLU LİSESİ,DENİZLİ,14
ÖZEL ERYAMAN BİLİM DOĞA ANADOLU LİSESİ,ANKARA,14
ŞEHİT MURAT KOCATÜRK ANADOLU İMAM HATİP LİSESİ,İSTANBUL,14
ERKAN - VOLKAN YİĞİT ANADOLU İMAM HATİP LİSESİ,ANKARA,14
GÜLSER-MEHMET BOLLUK ANADOLU LİSESİ,BALIKESİR,14
ŞEMSETTİN ONAY ANADOLU LİSESİ,HAKKARİ,14
BUCA 85.YIL ANADOLU LİSESİ,İZMİR,14
HÜSEYİN BÜRGE ANADOLU LİSESİ,İSTANBUL,14
FATİH SULTAN MEHMET ANADOLU LİSESİ,DİYARBAKIR,14
KASTAMONU GÖL ANADOLU LİSESİ,KASTAMONU,14
BİLGİ ANADOLU LİSESİ,ADIYAMAN,14
ATATÜRK ANADOLU LİSESİ,SAMSUN,14
AĞRI DAĞI ANADOLU LİSESİ,AĞRI,14
BEŞİR BALCIOĞLU ANADOLU LİSESİ,İSTANBUL,14
ÖZEL BİLKENT LİSESİ,ANKARA,14
ÖZEL AKDENİZ KOLEJİ,ADANA,14
ÖZEL ANKA ANADOLU LİSESİ,SAKARYA,14
SİVEREK KARACADAĞ ANADOLU LİSESİ,ŞANLIURFA,14
KANDİLLİ KIZ LİSESİ,İSTANBUL,14
ŞÜKRÜ GELİŞ FEN LİSESİ,ŞIRNAK,14
PURSAKLAR AYYILDIZ ANADOLU LİSESİ,ANKARA,14
TEVFİK İLERİ ANADOLU LİSESİ,RİZE,14
TİRE KUTSAN ANADOLU LİSESİ,İZMİR,14
ÖZEL İSKENDERUN TEKYILDIZ ANADOLU LİSESİ,HATAY,14
ALİ ÖZTAYLAN ANADOLU İMAM HATİP LİSESİ,BALIKESİR,14
ÖZEL ANTALYA AÇI FEN LİSESİ,ANTALYA,14
ÖZEL ELAZIĞ FİNAL AKADEMİ ANADOLU LİSESİ,ELAZIĞ,14
KADRİYE ÇALIK ANADOLU LİSESİ,KAHRAMANMARAŞ,14
ERGÜN ÖNER - MEHMET ÖNER ANADOLU LİSESİ,İSTANBUL,14
HACI SÜLEYMAN ÇAKIR KIZ ANADOLU LİSESİ,ESKİŞEHİR,14
ÖZEL TUZKAYA ANADOLU LİSESİ,ANKARA,14
ALİ UZUNOĞLU ANADOLU İMAM HATİP LİSESİ,MANİSA,14
ŞEHİT ZEYNEP SAĞIR ANADOLU LİSESİ,ADANA,14
TURHAN TAYAN ANADOLU LİSESİ,BURSA,14
MURATPAŞA TÜRK TELEKOM ANADOLU LİSESİ,ANTALYA,14
ŞEHİT FUAT BAHADIR BUHARALIOĞLU ANADOLU LİSESİ,YOZGAT,14
BORSA İSTANBUL ANADOLU LİSESİ,GAZİANTEP,14
VEDAT TOPÇUOĞLU ANADOLU LİSESİ,GAZİANTEP,14
HASAN TEKİN ADA ANADOLU LİSESİ,DENİZLİ,14
ÖZEL MAVİ KAVRAM ANADOLU LİSESİ,MARDİN,14
ÖZEL SAMSUN FİNAL KOLEJİ,SAMSUN,14
ÖZEL LÜLEBURGAZ AKIM ANADOLU LİSESİ,KIRKLARELİ,14
OLTU FEN LİSESİ,ERZURUM,14
ÖZEL MAVİ ŞEHİR SINAV ANADOLU LİSESİ,İZMİR,14
ÖZEL NAZMİ ARIKAN FEN BİLİMLERİ CANİK FEN LİSESİ,ORDU,14
ŞEHİT ALİ ER ANADOLU LİSESİ,AKSARAY,14
NİHAL-TURGUT ANLAR ANADOLU LİSESİ,HATAY,14
ÖZEL AMASYA AÇI ANADOLU LİSESİ,AMASYA,14
YÜKSEL ACUN ANADOLU LİSESİ,HATAY,14
ŞEHİT MEHMET DEMİR KIZ ANADOLU İMAM HATİP LİSESİ,GAZİANTEP,14
ŞEHİT NURULLAH SABIRER FEN LİSESİ,AKSARAY,14
ALİ EMİRİ ANADOLU LİSESİ,DİYARBAKIR,14
ÖZEL GÜNEŞ KIZ FEN LİSESİ,ERZURUM,14
ÖZEL SAMSUN FİNAL AKADEMİ FEN LİSESİ,SAMSUN,14
İSMET ALKAN ANADOLU LİSESİ,HAKKARİ,14
KONYA LİSESİ,ANADOLU,14
AFŞİN FEN LİSESİ,KAHRAMANMARAŞ,14
ÖZEL OĞUZHAN ÖZKAYA FEN LİSESİ,İZMİR,14
ERZURUM LİSESİ,ERZURUM,14
MESUT ÖZATA ANADOLU LİSESİ,VAN,14
ÖZEL ÖNCÜ KOLEJ ÇALDIRAN ANADOLU LİSESİ,ANKARA,14
ÖZEL ELAZIĞ YÖNTEMİM ANADOLU LİSESİ,ELAZIĞ,14
ŞEHİT ÖMER HALİSDEMİR ANADOLU İMAM HATİP LİSESİ,KAYSERİ,14
ÖZEL İRFAN FEN VE TEKNOLOJİ LİSESİ,İSTANBUL,14
MERAM MEHMET-MÜNEVVER KURBAN ANADOLU LİSESİ,KONYA,14
ÖZEL ENDERUN FEN LİSESİ,KONYA,14
ÖZEL MUŞ FİNAL AKADEMİ ANADOLU LİSESİ,MUŞ,14
DURSUN ALİ KURT ANADOLU İMAM HATİP LİSESİ,TRABZON,15
TÜRK TELEKOM ANADOLU İMAM HATİP LİSESİ,AMASYA,15
ÖZEL CANİK UĞUR FEN LİSESİ,SAMSUN,15
İZMİR ANADOLU LİSESİ,İZMİR,15
CELAL TORAMAN ANADOLU LİSESİ,BALIKESİR,15
MERKEZ ATATÜRK ANADOLU LİSESİ,KAHRAMANMARAŞ,15
ÖZEL YENİ ADANA ORTADOĞU ANADOLU LİSESİ,ADANA,15
KAĞIZMAN AHMET ARSLAN FEN LİSESİ,KARS,15
ÖZEL DERİK ÇÖZÜM ANADOLU LİSESİ,MARDİN,15
ÖZEL ENVAR FEN LİSESİ,KONYA,15
ÖZEL AKHİSAR KOLEJİ FEN LİSESİ,MANİSA,15
ROTARY 100.YIL ANADOLU LİSESİ,İSTANBUL,15
YERKÖY ŞEHİT İDRİS AYDOĞDU FEN LİSESİ,YOZGAT,15
ÖZEL TRABZON BAHÇEŞEHİR KOLEJİ FEN VE TEKNOLOJİ LİSESİ,TRABZON,15
FMV ÖZEL ISPARTAKULE IŞIK FEN LİSESİ,İSTANBUL,15
ANKARA LİSESİ,ANKARA,15
ÖZEL YÜCE KOLEJİ,ANKARA,15
ÖZEL TÜMAY ANADOLU LİSESİ,ANKARA,15
ÖZEL HİSARCIKLIOĞLU FEN LİSESİ,KAYSERİ,15
ÖZEL YEDİ RENKLİ ÇINAR FEN LİSESİ,BURSA,15
ÖZAY GÖNLÜM FEN LİSESİ,DENİZLİ,15
MECİDİYE ANADOLU LİSESİ,ERZURUM,15
ŞIRNAK ANADOLU LİSESİ,ŞIRNAK,15
ÖZEL BODRUM BAHÇEŞEHİR ANADOLU LİSESİ,MUĞLA,15
KAZIM KARABEKİR FEN LİSESİ,YOZGAT,15
KURTALAN ANADOLU LİSESİ,SİİRT,15
ÖZEL MATFEN EMRE KARATAŞ ANADOLU LİSESİ,ANKARA,15
ANKARA ÜNİVERSİTESİ GELİŞTİRME VAKFI OKULLARI ÖZEL ANADOLU LİSESİ,ANKARA,15
ÖZEL ÜÇGEN ANADOLU LİSESİ,ANKARA,15
GAZİ ÜNİVERSİTESİ VAKFI ÖZEL ANADOLU LİSESİ,ANKARA,15
ÖZEL OKUYAN DOĞRULAYAN TARTIŞAN UZMANLAR ANADOLU LİSESİ,ODTU,15
ÇAYCUMA TİCARET VE SANAYİ ODASI FEN LİSESİ,ZONGULDAK,15
ÖZEL YÜCE FEN LİSESİ,ANKARA,15
HASAN-SABRİYE GÜMÜŞ ANADOLU LİSESİ,İSTANBUL,15
TOMARZA FEN LİSESİ,KAYSERİ,15
ÖZEL ÇANKIRI KOLEJİ YILDIZTEPE FEN LİSESİ,ÇANKIRI,15
KOCASİNAN AHMET EREN ANADOLU LİSESİ,KAYSERİ,15
ESRA KARAKAYA ANADOLU LİSESİ,AYDIN,15
TÜRK TELEKOM FEN LİSESİ,SİNOP,15
MEHMET AKİF ERSOY ANADOLU LİSESİ,TEKİRDAĞ,15
ÖZEL MİLAS FİNAL AKADEMİ ANADOLU LİSESİ,MUĞLA,15
ŞEHİT MEHMET KARACATİLKİ ANADOLU İMAM HATİP LİSESİ,OSMANİYE,15
ALİ RIZA ÖZDERİCİ KIZ ANADOLU İMAM HATİP LİSESİ,KAYSERİ,15
ŞEHİT ÖNDER GÜZEL KIZ ANADOLU İMAM HATİP LİSESİ,AKSARAY,15
ÖZEL YAVUZ SELİM DAĞ FEN LİSESİ,ŞANLIURFA,15
SANDIKLI TÜRK TELEKOM FEN LİSESİ,AFYONKARAHİSAR,15
ÖZEL MODERN ORTADOĞU ANADOLU LİSESİ,ANKARA,15
ÖZEL ÇORUM DOĞA FEN LİSESİ,ÇORUM,15
MESLEKİ AÇIKÖĞRETİM LİSESİ,,15
GÖLBAŞI ANADOLU LİSESİ,ANKARA,15
ÇUBUK BEY ANADOLU LİSESİ,ELAZIĞ,15
ÇATALCA ANADOLU LİSESİ,İSTANBUL,15
SAVRUN ŞEHİT MUSTAFA ÇİĞİLOĞLU ANADOLU LİSESİ,OSMANİYE,15
ŞEHİT ONUR KILIÇ ANADOLU İMAM HATİP LİSESİ,ŞANLIURFA,15
ÖZEL HATAY SINAV KOLEJİ FEN LİSESİ,HATAY,15
İSMET YILMAZ FEN LİSESİ,SİVAS,15
ÇANKIRI 15 TEMMUZ ŞEHİTLER ANADOLU LİSESİ,ÇANKIRI,15
HACI FETTAH KADOOĞLU ANADOLU LİSESİ,ŞIRNAK,15
ÖZEL KIZILTEPE ÇÖZÜM KOLEJİ ANADOLU LİSESİ,MARDİN,15
YUNUS EMRE ANADOLU LİSESİ,BİNGÖL,15
ÖZEL ÇORLU NAZMİ ARIKAN FEN BİLİMLERİ FEN LİSESİ,TEKİRDAĞ,15
ODTÜ GELİŞTİRME VAKFI ÖZEL LİSESİ,ANKARA,15
NİZAM KARASU ANADOLU İMAM HATİP LİSESİ,BURSA,15
MEHMET ÖZÖNCEL ANADOLU LİSESİ,ADANA,15
FATİH ANADOLU LİSESİ,RİZE,15
ANKARA ÖZEL TEVFİK FİKRET ANADOLU LİSESİ,ANKARA,15
ÖZEL ELBİSTAN YILDIZ KOLEJİ FEN LİSESİ,KAHRAMANMARAŞ,15
MEHMET ÇELİKEL LİSESİ,ZONGULDAK,15
ÖZEL ANKARA NAZMİ ARIKAN FEN BİLİMLERİ ANADOLU LİSESİ,ANKARA,15
ŞEHİT SÜLEYMAN SORKUT ANADOLU LİSESİ,DİYARBAKIR,15
CELAL BAYAR ANADOLU LİSESİ,BURSA,15
ÇORUM BAŞÖĞRETMEN ANADOLU LİSESİ,ÇORUM,15
ÖZEL MANİSA FEN BİLİMLERİ FEN LİSESİ,MANİSA,15
ÖZEL NESİBE AYDIN YILDIZLAR ANADOLU LİSESİ,ANKARA,15
MUSTAFA AZMİ DOĞAN ANADOLU LİSESİ,ANKARA,15
ÖZEL TAKEV ANADOLU LİSESİ,İZMİR,15
BORNOVA SUPHİ KOYUNCUOĞLU ANADOLU LİSESİ,İZMİR,15
ÖZEL IŞIN YAMAN ANADOLU LİSESİ,ANKARA,15
GEBZE ANADOLU LİSESİ,KOCAELİ,15
TOBB BİNALİ YILDIRIM KIZ ANADOLU İMAM HATİP LİSESİ,ERZİNCAN,15
TURAN ERDOĞAN YILMAZ FEN LİSESİ,ANTALYA,15
SİİRT LİSESİ,SİİRT,15
HASAN ÇAPAN ANADOLU LİSESİ,GAZİANTEP,15
FMV. ÖZEL ERENKÖY IŞIK LİSESİ,İSTANBUL,15
TED ANKARA KOLEJİ VAKFI ÖZEL LİSESİ,ANKARA,15
